Name EN,Name HU,Name RO,Date,Value
Total,139.9,140,2001-03,140.3
Total,139.9,140,2001-04,137.5
Total,139.9,140,2001-05,137.4
Total,139.9,140,2001-06,135.7
Total,139.9,140,2001-07,131.8
Total,139.9,140,2001-08,132.4
Total,139.9,140,2001-09,131.2
Total,139.9,140,2001-10,130.8
Total,139.9,140,2001-11,130.7
Total,139.9,140,2001-12,130.3
Total,139.9,140,2002-01,128.6
Total,139.9,140,2002-02,127.2
Total,139.9,140,2002-03,125.1
Total,139.9,140,2002-04,124.4
Total,139.9,140,2002-05,124.5
Total,139.9,140,2002-06,124
Total,139.9,140,2002-07,123
Total,139.9,140,2002-08,121.3
Total,139.9,140,2002-09,119.8
Total,139.9,140,2002-10,118.8
Total,139.9,140,2002-11,118.6
Total,139.9,140,2002-12,117.8
Total,139.9,140,2003-01,116.6
Total,139.9,140,2003-02,116.3
Total,139.9,140,2003-03,117.1
Total,139.9,140,2003-04,116
Total,139.9,140,2003-05,114.4
Total,139.9,140,2003-06,114
Total,139.9,140,2003-07,114.8
Total,139.9,140,2003-08,114.2
Total,139.9,140,2003-09,115.9
Total,139.9,140,2003-10,115.8
Total,139.9,140,2003-11,114.5
Total,139.9,140,2003-12,114.1
Total,139.9,140,2004-01,113.9
Total,139.9,140,2004-02,113.7
Total,139.9,140,2004-03,113.1
Total,139.9,140,2004-04,112.5
Total,139.9,140,2004-05,112.3
Total,139.9,140,2004-06,112
Total,139.9,140,2004-07,112.1
Total,139.9,140,2004-08,112.4
Total,139.9,140,2004-09,111.1
Total,139.9,140,2004-10,110.8
Total,139.9,140,2004-11,109.9
Total,139.9,140,2004-12,109.3
Total,139.9,140,2005-01,108.9
Total,139.9,140,2005-02,108.9
Total,139.9,140,2005-03,108.7
Total,139.9,140,2005-04,110
Total,139.9,140,2005-05,110
Total,139.9,140,2005-06,109.7
Total,139.9,140,2005-07,109.3
Total,139.9,140,2005-08,108.9
Total,139.9,140,2005-09,108.5
Total,139.9,140,2005-10,108.1
Total,139.9,140,2005-11,108.7
Total,139.9,140,2005-12,108.6
Total,139.9,140,2006-01,108.89
Total,139.9,140,2006-02,108.49
Total,139.9,140,2006-03,108.41
Total,139.9,140,2006-04,106.92
Total,139.9,140,2006-05,107.26
Total,139.9,140,2006-06,107.11
Total,139.9,140,2006-07,106.21
Total,139.9,140,2006-08,106.02
Total,139.9,140,2006-09,105.48
Total,139.9,140,2006-10,104.8
Total,139.9,140,2006-11,104.67
Total,139.9,140,2006-12,104.87
Total,139.9,140,2007-01,104.01
Total,139.9,140,2007-02,103.81
Total,139.9,140,2007-03,103.66
Total,139.9,140,2007-04,103.77
Total,139.9,140,2007-05,103.81
Total,139.9,140,2007-06,103.8
Total,139.9,140,2007-07,103.99
Total,139.9,140,2007-08,104.96
Total,139.9,140,2007-09,106.03
Total,139.9,140,2007-10,106.84
Total,139.9,140,2007-11,106.67
Total,139.9,140,2007-12,106.57
Total,139.9,140,2008-01,107.26
Total,139.9,140,2008-02,107.97
Total,139.9,140,2008-03,108.63
Total,139.9,140,2008-04,108.62
Total,139.9,140,2008-05,108.46
Total,139.9,140,2008-06,108.61
Total,139.9,140,2008-07,109.04
Total,139.9,140,2008-08,108.02
Total,139.9,140,2008-09,107.3
Total,139.9,140,2008-10,107.39
Total,139.9,140,2008-11,106.74
Total,139.9,140,2008-12,106.3
Total,139.9,140,2009-01,106.71
Total,139.9,140,2009-02,106.89
Total,139.9,140,2009-03,106.71
Total,139.9,140,2009-04,106.45
Total,139.9,140,2009-05,105.95
Total,139.9,140,2009-06,105.86
Total,139.9,140,2009-07,105.06
Total,139.9,140,2009-08,104.96
Total,139.9,140,2009-09,104.94
Total,139.9,140,2009-10,104.3
Total,139.9,140,2009-11,104.65
Total,139.9,140,2009-12,104.74
Total,139.9,140,2010-01,105.2
Total,139.9,140,2010-02,104.49
Total,139.9,140,2010-03,104.2
Total,139.9,140,2010-04,104.28
Total,139.9,140,2010-05,104.42
Total,139.9,140,2010-06,104.38
Total,139.9,140,2010-07,107.14
Total,139.9,140,2010-08,107.58
Total,139.9,140,2010-09,107.77
Total,139.9,140,2010-10,107.88
Total,139.9,140,2010-11,107.73
Total,139.9,140,2010-12,107.96
Total,139.9,140,2011-01,106.99
Total,139.9,140,2011-02,107.6
Total,139.9,140,2011-03,108.01
Total,139.9,140,2011-04,108.34
Total,139.9,140,2011-05,108.41
Total,139.9,140,2011-06,107.93
Total,139.9,140,2011-07,104.85
Total,139.9,140,2011-08,104.25
Total,139.9,140,2011-09,103.45
Total,139.9,140,2011-10,103.55
Total,139.9,140,2011-11,103.44
Total,139.9,140,2011-12,103.14
Total,139.9,140,2012-01,102.72
Total,139.9,140,2012-02,102.59
Total,139.9,140,2012-03,102.4
Total,139.9,140,2012-04,101.8
Total,139.9,140,2012-05,101.79
Total,139.9,140,2012-06,102.04
Total,139.9,140,2012-07,103
Total,139.9,140,2012-08,103.88
Total,139.9,140,2012-09,105.33
Total,139.9,140,2012-10,104.96
Total,139.9,140,2012-11,104.56
Total,139.9,140,2012-12,104.95
Total,139.9,140,2013-01,105.97
Total,139.9,140,2013-02,105.65
Total,139.9,140,2013-03,105.25
Total,139.9,140,2013-04,105.29
Total,139.9,140,2013-05,105.32
Total,139.9,140,2013-06,105.37
Total,139.9,140,2013-07,104.41
Total,139.9,140,2013-08,103.67
Total,139.9,140,2013-09,101.88
Total,139.9,140,2013-10,101.88
Total,139.9,140,2013-11,101.83
Total,139.9,140,2013-12,101.55
Total,139.9,140,2014-01,101.06
Total,139.9,140,2014-02,101.05
Total,139.9,140,2014-03,101.04
Total,139.9,140,2014-04,101.21
Total,139.9,140,2014-05,100.94
Total,139.9,140,2014-06,100.66
Total,139.9,140,2014-07,100.95
Total,139.9,140,2014-08,100.84
Total,139.9,140,2014-09,101.54
Total,139.9,140,2014-10,101.44
Total,139.9,140,2014-11,101.26
Total,139.9,140,2014-12,100.83
Total,139.9,140,2015-01,100.41
Total,139.9,140,2015-02,100.4
Total,139.9,140,2015-03,100.79
Total,139.9,140,2015-04,100.65
Total,139.9,140,2015-05,101.16
Total,139.9,140,2015-06,98.45
Total,139.9,140,2015-07,98.33
Total,139.9,140,2015-08,98.13
Total,139.9,140,2015-09,98.27
Total,139.9,140,2015-10,98.36
Total,139.9,140,2015-11,98.86
Total,139.9,140,2015-12,99.07
Total,139.9,140,2016-01,97.87
Total,139.9,140,2016-02,97.32
Total,139.9,140,2016-03,97.02
Total,139.9,140,2016-04,96.75
Total,139.9,140,2016-05,96.54
Total,139.9,140,2016-06,99.3
Total,139.9,140,2016-07,99.22
Total,139.9,140,2016-08,99.8
Total,139.9,140,2016-09,99.43
Total,139.9,140,2016-10,99.57
Total,139.9,140,2016-11,99.33
Total,139.9,140,2016-12,99.46
Total,139.9,140,2017-01,100.05
Total,139.9,140,2017-02,100.2
Total,139.9,140,2017-03,100.18
Total,139.9,140,2017-04,100.61
Total,139.9,140,2017-05,100.64
Total,139.9,140,2017-06,100.85
Total,139.9,140,2017-07,101.42
Total,139.9,140,2017-08,101.15
Total,139.9,140,2017-09,101.77
Total,139.9,140,2017-10,102.63
Total,139.9,140,2017-11,103.23
Total,139.9,140,2017-12,103.32
Total,139.9,140,2018-01,104.32
Total,139.9,140,2018-02,104.72
Total,139.9,140,2018-03,104.95
Total,139.9,140,2018-04,105.22
Total,139.9,140,2018-05,105.41
Total,139.9,140,2018-06,105.4
Total,139.9,140,2018-07,104.56
Total,139.9,140,2018-08,105.06
Total,139.9,140,2018-09,105.03
Total,139.9,140,2018-10,104.25
Total,139.9,140,2018-11,103.43
Total,139.9,140,2018-12,103.27
Total,139.9,140,2019-01,103.32
Total,139.9,140,2019-02,103.83
Total,139.9,140,2019-03,104.03
Total,139.9,140,2019-04,104.11
Total,139.9,140,2019-05,104.1
Total,139.9,140,2019-06,103.84
Total,139.9,140,2019-07,104.12
Total,139.9,140,2019-08,103.89
Total,139.9,140,2019-09,103.49
Total,139.9,140,2019-10,103.4
Total,139.9,140,2019-11,103.77
Total,139.9,140,2019-12,104.04
Total,139.9,140,2020-01,103.6
Total,139.9,140,2020-02,103.05
Total,139.9,140,2020-03,103.05
Total,139.9,140,2020-04,102.68
Total,139.9,140,2020-05,102.26
Total,139.9,140,2020-06,102.58
Total,139.9,140,2020-07,102.8
Total,139.9,140,2020-08,102.68
Total,139.9,140,2020-09,102.45
Total,139.9,140,2020-10,102.24
Total,139.9,140,2020-11,102.14
Total,139.9,140,2020-12,102.06
Total,139.9,140,2021-01,102.99
Total,139.9,140,2021-02,103.16
Total,139.9,140,2021-03,103.05
Total,139.9,140,2021-04,103.24
Total,139.9,140,2021-05,103.75
Total,139.9,140,2021-06,103.94
Total,139.9,140,2021-07,104.95
Total,139.9,140,2021-08,105.25
Total,139.9,140,2021-09,106.29
Total,139.9,140,2021-10,107.94
Total,139.9,140,2021-11,107.8
Total,139.9,140,2021-12,108.19
Total,139.9,140,2022-01,108.35
Total,139.9,140,2022-02,108.53
Total,139.9,140,2022-03,110.15
Total,139.9,140,2022-04,113.76
Total,139.9,140,2022-05,114.49
Total,139.9,140,2022-06,115.05
Total,139.9,140,2022-07,114.96
Total,139.9,140,2022-08,115.32
Total,139.9,140,2022-09,115.88
Total,139.9,140,2022-10,115.32
Total,139.9,140,2022-11,116.76
Total,139.9,140,2022-12,116.37
Total,139.9,140,2023-01,115.07
Total,139.9,140,2023-02,115.52
Total,139.9,140,2023-03,114.53
Total,139.9,140,2023-04,111.23
Total,139.9,140,2023-05,110.64
Total,139.9,140,2023-06,110.25
Total,139.9,140,2023-07,109.44
Total,139.9,140,2023-08,109.43
Total,139.9,140,2023-09,108.83
Total,139.9,140,2023-10,108.07
Total,139.9,140,2023-11,106.72
Total,139.9,140,2023-12,106.61
Total,139.9,140,2024-01,107.41
Total,139.9,140,2024-02,107.23
Total,139.9,140,2024-03,106.61
Total,139.9,140,2024-04,105.9
Total,139.9,140,2024-05,105.12
Total,139.9,140,2024-06,104.94
Total,139.9,140,2024-07,105.42
Total,139.9,140,2024-08,105.1
Food goods,141.7,141.8,2001-03,141.9
Food goods,141.7,141.8,2001-04,143.2
Food goods,141.7,141.8,2001-05,143.1
Food goods,141.7,141.8,2001-06,140.8
Food goods,141.7,141.8,2001-07,134
Food goods,141.7,141.8,2001-08,133.3
Food goods,141.7,141.8,2001-09,131.3
Food goods,141.7,141.8,2001-10,129.7
Food goods,141.7,141.8,2001-11,127.5
Food goods,141.7,141.8,2001-12,127
Food goods,141.7,141.8,2002-01,125.4
Food goods,141.7,141.8,2002-02,122.5
Food goods,141.7,141.8,2002-03,120.1
Food goods,141.7,141.8,2002-04,119
Food goods,141.7,141.8,2002-05,119.5
Food goods,141.7,141.8,2002-06,118.9
Food goods,141.7,141.8,2002-07,117.6
Food goods,141.7,141.8,2002-08,117.1
Food goods,141.7,141.8,2002-09,115.5
Food goods,141.7,141.8,2002-10,114.5
Food goods,141.7,141.8,2002-11,115.7
Food goods,141.7,141.8,2002-12,115.8
Food goods,141.7,141.8,2003-01,114.6
Food goods,141.7,141.8,2003-02,115.8
Food goods,141.7,141.8,2003-03,116.7
Food goods,141.7,141.8,2003-04,115.6
Food goods,141.7,141.8,2003-05,113.4
Food goods,141.7,141.8,2003-06,113
Food goods,141.7,141.8,2003-07,115.4
Food goods,141.7,141.8,2003-08,114.3
Food goods,141.7,141.8,2003-09,114.4
Food goods,141.7,141.8,2003-10,114.7
Food goods,141.7,141.8,2003-11,114.7
Food goods,141.7,141.8,2003-12,113.7
Food goods,141.7,141.8,2004-01,112.4
Food goods,141.7,141.8,2004-02,111.5
Food goods,141.7,141.8,2004-03,110.8
Food goods,141.7,141.8,2004-04,109.7
Food goods,141.7,141.8,2004-05,109.4
Food goods,141.7,141.8,2004-06,108.5
Food goods,141.7,141.8,2004-07,108.2
Food goods,141.7,141.8,2004-08,109.2
Food goods,141.7,141.8,2004-09,109.7
Food goods,141.7,141.8,2004-10,109.4
Food goods,141.7,141.8,2004-11,108
Food goods,141.7,141.8,2004-12,107.4
Food goods,141.7,141.8,2005-01,107.4
Food goods,141.7,141.8,2005-02,107
Food goods,141.7,141.8,2005-03,106.6
Food goods,141.7,141.8,2005-04,106.3
Food goods,141.7,141.8,2005-05,106.5
Food goods,141.7,141.8,2005-06,106.5
Food goods,141.7,141.8,2005-07,105.8
Food goods,141.7,141.8,2005-08,105.6
Food goods,141.7,141.8,2005-09,105
Food goods,141.7,141.8,2005-10,105.4
Food goods,141.7,141.8,2005-11,105.7
Food goods,141.7,141.8,2005-12,105.7
Food goods,141.7,141.8,2006-01,105.57
Food goods,141.7,141.8,2006-02,105.65
Food goods,141.7,141.8,2006-03,105.8
Food goods,141.7,141.8,2006-04,106.23
Food goods,141.7,141.8,2006-05,106.18
Food goods,141.7,141.8,2006-06,105.28
Food goods,141.7,141.8,2006-07,103.76
Food goods,141.7,141.8,2006-08,102.91
Food goods,141.7,141.8,2006-09,102.08
Food goods,141.7,141.8,2006-10,100.9
Food goods,141.7,141.8,2006-11,100.99
Food goods,141.7,141.8,2006-12,101.07
Food goods,141.7,141.8,2007-01,101.03
Food goods,141.7,141.8,2007-02,100.45
Food goods,141.7,141.8,2007-03,99.97
Food goods,141.7,141.8,2007-04,100.02
Food goods,141.7,141.8,2007-05,100.17
Food goods,141.7,141.8,2007-06,100.95
Food goods,141.7,141.8,2007-07,102.78
Food goods,141.7,141.8,2007-08,105.41
Food goods,141.7,141.8,2007-09,108.17
Food goods,141.7,141.8,2007-10,109.52
Food goods,141.7,141.8,2007-11,109.39
Food goods,141.7,141.8,2007-12,109.14
Food goods,141.7,141.8,2008-01,109.71
Food goods,141.7,141.8,2008-02,110.16
Food goods,141.7,141.8,2008-03,110.82
Food goods,141.7,141.8,2008-04,111.44
Food goods,141.7,141.8,2008-05,111.77
Food goods,141.7,141.8,2008-06,111.77
Food goods,141.7,141.8,2008-07,110.4
Food goods,141.7,141.8,2008-08,108.79
Food goods,141.7,141.8,2008-09,107.08
Food goods,141.7,141.8,2008-10,106.91
Food goods,141.7,141.8,2008-11,106.45
Food goods,141.7,141.8,2008-12,106.02
Food goods,141.7,141.8,2009-01,105.93
Food goods,141.7,141.8,2009-02,105.87
Food goods,141.7,141.8,2009-03,105.69
Food goods,141.7,141.8,2009-04,104.62
Food goods,141.7,141.8,2009-05,104.02
Food goods,141.7,141.8,2009-06,103.5
Food goods,141.7,141.8,2009-07,103.69
Food goods,141.7,141.8,2009-08,102.38
Food goods,141.7,141.8,2009-09,101.88
Food goods,141.7,141.8,2009-10,100.88
Food goods,141.7,141.8,2009-11,100.56
Food goods,141.7,141.8,2009-12,100.38
Food goods,141.7,141.8,2010-01,100.1
Food goods,141.7,141.8,2010-02,100.02
Food goods,141.7,141.8,2010-03,99.8
Food goods,141.7,141.8,2010-04,99.79
Food goods,141.7,141.8,2010-05,99.76
Food goods,141.7,141.8,2010-06,99.88
Food goods,141.7,141.8,2010-07,102.3
Food goods,141.7,141.8,2010-08,103.79
Food goods,141.7,141.8,2010-09,104.81
Food goods,141.7,141.8,2010-10,105.51
Food goods,141.7,141.8,2010-11,106.01
Food goods,141.7,141.8,2010-12,106.45
Food goods,141.7,141.8,2011-01,107.21
Food goods,141.7,141.8,2011-02,108.83
Food goods,141.7,141.8,2011-03,109.92
Food goods,141.7,141.8,2011-04,110.91
Food goods,141.7,141.8,2011-05,111.23
Food goods,141.7,141.8,2011-06,109.81
Food goods,141.7,141.8,2011-07,105.65
Food goods,141.7,141.8,2011-08,103.78
Food goods,141.7,141.8,2011-09,101.72
Food goods,141.7,141.8,2011-10,101.7
Food goods,141.7,141.8,2011-11,101.35
Food goods,141.7,141.8,2011-12,100.95
Food goods,141.7,141.8,2012-01,100.12
Food goods,141.7,141.8,2012-02,99.58
Food goods,141.7,141.8,2012-03,99.06
Food goods,141.7,141.8,2012-04,98.06
Food goods,141.7,141.8,2012-05,97.87
Food goods,141.7,141.8,2012-06,99.07
Food goods,141.7,141.8,2012-07,101.19
Food goods,141.7,141.8,2012-08,103.3
Food goods,141.7,141.8,2012-09,106.91
Food goods,141.7,141.8,2012-10,106.14
Food goods,141.7,141.8,2012-11,105.89
Food goods,141.7,141.8,2012-12,106.21
Food goods,141.7,141.8,2013-01,107.19
Food goods,141.7,141.8,2013-02,106.21
Food goods,141.7,141.8,2013-03,105.46
Food goods,141.7,141.8,2013-04,105.6
Food goods,141.7,141.8,2013-05,106.39
Food goods,141.7,141.8,2013-06,105.76
Food goods,141.7,141.8,2013-07,103.9
Food goods,141.7,141.8,2013-08,102.38
Food goods,141.7,141.8,2013-09,98.28
Food goods,141.7,141.8,2013-10,98.66
Food goods,141.7,141.8,2013-11,98.23
Food goods,141.7,141.8,2013-12,98.19
Food goods,141.7,141.8,2014-01,97.82
Food goods,141.7,141.8,2014-02,97.84
Food goods,141.7,141.8,2014-03,97.79
Food goods,141.7,141.8,2014-04,97.71
Food goods,141.7,141.8,2014-05,96.84
Food goods,141.7,141.8,2014-06,96.82
Food goods,141.7,141.8,2014-07,98.12
Food goods,141.7,141.8,2014-08,98.03
Food goods,141.7,141.8,2014-09,100.02
Food goods,141.7,141.8,2014-10,100.09
Food goods,141.7,141.8,2014-11,99.97
Food goods,141.7,141.8,2014-12,99.59
Food goods,141.7,141.8,2015-01,99.31
Food goods,141.7,141.8,2015-02,99.53
Food goods,141.7,141.8,2015-03,99.93
Food goods,141.7,141.8,2015-04,100.32
Food goods,141.7,141.8,2015-05,101.2
Food goods,141.7,141.8,2015-06,93.56
Food goods,141.7,141.8,2015-07,92.75
Food goods,141.7,141.8,2015-08,92.85
Food goods,141.7,141.8,2015-09,93.53
Food goods,141.7,141.8,2015-10,93.49
Food goods,141.7,141.8,2015-11,93.8
Food goods,141.7,141.8,2015-12,93.8
Food goods,141.7,141.8,2016-01,93.71
Food goods,141.7,141.8,2016-02,93.53
Food goods,141.7,141.8,2016-03,93.26
Food goods,141.7,141.8,2016-04,92.61
Food goods,141.7,141.8,2016-05,92.43
Food goods,141.7,141.8,2016-06,100.03
Food goods,141.7,141.8,2016-07,101.25
Food goods,141.7,141.8,2016-08,101.96
Food goods,141.7,141.8,2016-09,100.46
Food goods,141.7,141.8,2016-10,100.49
Food goods,141.7,141.8,2016-11,100.66
Food goods,141.7,141.8,2016-12,100.68
Food goods,141.7,141.8,2017-01,101.12
Food goods,141.7,141.8,2017-02,101.43
Food goods,141.7,141.8,2017-03,101.67
Food goods,141.7,141.8,2017-04,102.24
Food goods,141.7,141.8,2017-05,102.3
Food goods,141.7,141.8,2017-06,102.83
Food goods,141.7,141.8,2017-07,102.39
Food goods,141.7,141.8,2017-08,101.59
Food goods,141.7,141.8,2017-09,102.74
Food goods,141.7,141.8,2017-10,103.52
Food goods,141.7,141.8,2017-11,103.88
Food goods,141.7,141.8,2017-12,104.07
Food goods,141.7,141.8,2018-01,103.79
Food goods,141.7,141.8,2018-02,103.74
Food goods,141.7,141.8,2018-03,104.01
Food goods,141.7,141.8,2018-04,104
Food goods,141.7,141.8,2018-05,103.93
Food goods,141.7,141.8,2018-06,103.86
Food goods,141.7,141.8,2018-07,103.42
Food goods,141.7,141.8,2018-08,104.15
Food goods,141.7,141.8,2018-09,104.44
Food goods,141.7,141.8,2018-10,103.73
Food goods,141.7,141.8,2018-11,102.86
Food goods,141.7,141.8,2018-12,103.1
Food goods,141.7,141.8,2019-01,103.77
Food goods,141.7,141.8,2019-02,104.46
Food goods,141.7,141.8,2019-03,104.45
Food goods,141.7,141.8,2019-04,104.98
Food goods,141.7,141.8,2019-05,105.24
Food goods,141.7,141.8,2019-06,105
Food goods,141.7,141.8,2019-07,105.15
Food goods,141.7,141.8,2019-08,105.02
Food goods,141.7,141.8,2019-09,104.07
Food goods,141.7,141.8,2019-10,104.16
Food goods,141.7,141.8,2019-11,104.9
Food goods,141.7,141.8,2019-12,105.08
Food goods,141.7,141.8,2020-01,104.75
Food goods,141.7,141.8,2020-02,104.09
Food goods,141.7,141.8,2020-03,105.11
Food goods,141.7,141.8,2020-04,105.72
Food goods,141.7,141.8,2020-05,105.25
Food goods,141.7,141.8,2020-06,105.35
Food goods,141.7,141.8,2020-07,105.57
Food goods,141.7,141.8,2020-08,105.45
Food goods,141.7,141.8,2020-09,104.96
Food goods,141.7,141.8,2020-10,104.34
Food goods,141.7,141.8,2020-11,103.81
Food goods,141.7,141.8,2020-12,103.24
Food goods,141.7,141.8,2021-01,102.88
Food goods,141.7,141.8,2021-02,102.7
Food goods,141.7,141.8,2021-03,101.59
Food goods,141.7,141.8,2021-04,100.76
Food goods,141.7,141.8,2021-05,101.52
Food goods,141.7,141.8,2021-06,102.17
Food goods,141.7,141.8,2021-07,102.33
Food goods,141.7,141.8,2021-08,102.7
Food goods,141.7,141.8,2021-09,104.26
Food goods,141.7,141.8,2021-10,105.25
Food goods,141.7,141.8,2021-11,106.1
Food goods,141.7,141.8,2021-12,106.69
Food goods,141.7,141.8,2022-01,107.24
Food goods,141.7,141.8,2022-02,108.84
Food goods,141.7,141.8,2022-03,111.2
Food goods,141.7,141.8,2022-04,113.54
Food goods,141.7,141.8,2022-05,114.25
Food goods,141.7,141.8,2022-06,114.67
Food goods,141.7,141.8,2022-07,116.05
Food goods,141.7,141.8,2022-08,118.22
Food goods,141.7,141.8,2022-09,119.12
Food goods,141.7,141.8,2022-10,120.58
Food goods,141.7,141.8,2022-11,121.55
Food goods,141.7,141.8,2022-12,122.05
Food goods,141.7,141.8,2023-01,122.47
Food goods,141.7,141.8,2023-02,122.35
Food goods,141.7,141.8,2023-03,121.56
Food goods,141.7,141.8,2023-04,119.84
Food goods,141.7,141.8,2023-05,118.73
Food goods,141.7,141.8,2023-06,117.88
Food goods,141.7,141.8,2023-07,116.24
Food goods,141.7,141.8,2023-08,111.88
Food goods,141.7,141.8,2023-09,110.36
Food goods,141.7,141.8,2023-10,108.66
Food goods,141.7,141.8,2023-11,106.84
Food goods,141.7,141.8,2023-12,105.82
Food goods,141.7,141.8,2024-01,105.64
Food goods,141.7,141.8,2024-02,104.48
Food goods,141.7,141.8,2024-03,102.81
Food goods,141.7,141.8,2024-04,102.07
Food goods,141.7,141.8,2024-05,101.24
Food goods,141.7,141.8,2024-06,101.1
Food goods,141.7,141.8,2024-07,101.71
Food goods,141.7,141.8,2024-08,104.25
Non-food goods,137.4,137.3,2001-03,138.1
Non-food goods,137.4,137.3,2001-04,134.3
Non-food goods,137.4,137.3,2001-05,134.1
Non-food goods,137.4,137.3,2001-06,131.7
Non-food goods,137.4,137.3,2001-07,129.3
Non-food goods,137.4,137.3,2001-08,131.6
Non-food goods,137.4,137.3,2001-09,130.7
Non-food goods,137.4,137.3,2001-10,131
Non-food goods,137.4,137.3,2001-11,132.6
Non-food goods,137.4,137.3,2001-12,131.4
Non-food goods,137.4,137.3,2002-01,131.6
Non-food goods,137.4,137.3,2002-02,132
Non-food goods,137.4,137.3,2002-03,129.6
Non-food goods,137.4,137.3,2002-04,128.5
Non-food goods,137.4,137.3,2002-05,128.1
Non-food goods,137.4,137.3,2002-06,127.7
Non-food goods,137.4,137.3,2002-07,127
Non-food goods,137.4,137.3,2002-08,123.5
Non-food goods,137.4,137.3,2002-09,122
Non-food goods,137.4,137.3,2002-10,121.8
Non-food goods,137.4,137.3,2002-11,119.7
Non-food goods,137.4,137.3,2002-12,118.8
Non-food goods,137.4,137.3,2003-01,117.4
Non-food goods,137.4,137.3,2003-02,116.4
Non-food goods,137.4,137.3,2003-03,117.6
Non-food goods,137.4,137.3,2003-04,116.5
Non-food goods,137.4,137.3,2003-05,115.6
Non-food goods,137.4,137.3,2003-06,115.3
Non-food goods,137.4,137.3,2003-07,115.3
Non-food goods,137.4,137.3,2003-08,114.9
Non-food goods,137.4,137.3,2003-09,118.7
Non-food goods,137.4,137.3,2003-10,117.1
Non-food goods,137.4,137.3,2003-11,114.4
Non-food goods,137.4,137.3,2003-12,114.3
Non-food goods,137.4,137.3,2004-01,115
Non-food goods,137.4,137.3,2004-02,114.7
Non-food goods,137.4,137.3,2004-03,113.9
Non-food goods,137.4,137.3,2004-04,114.1
Non-food goods,137.4,137.3,2004-05,113.8
Non-food goods,137.4,137.3,2004-06,113.8
Non-food goods,137.4,137.3,2004-07,114.5
Non-food goods,137.4,137.3,2004-08,114.4
Non-food goods,137.4,137.3,2004-09,110.6
Non-food goods,137.4,137.3,2004-10,111.2
Non-food goods,137.4,137.3,2004-11,111.5
Non-food goods,137.4,137.3,2004-12,111.4
Non-food goods,137.4,137.3,2005-01,110.8
Non-food goods,137.4,137.3,2005-02,110.3
Non-food goods,137.4,137.3,2005-03,110.3
Non-food goods,137.4,137.3,2005-04,113.5
Non-food goods,137.4,137.3,2005-05,113.2
Non-food goods,137.4,137.3,2005-06,112.5
Non-food goods,137.4,137.3,2005-07,112.1
Non-food goods,137.4,137.3,2005-08,111.7
Non-food goods,137.4,137.3,2005-09,111.4
Non-food goods,137.4,137.3,2005-10,109.8
Non-food goods,137.4,137.3,2005-11,110.1
Non-food goods,137.4,137.3,2005-12,109.8
Non-food goods,137.4,137.3,2006-01,110.48
Non-food goods,137.4,137.3,2006-02,110.64
Non-food goods,137.4,137.3,2006-03,110.39
Non-food goods,137.4,137.3,2006-04,106.93
Non-food goods,137.4,137.3,2006-05,108.02
Non-food goods,137.4,137.3,2006-06,108.6
Non-food goods,137.4,137.3,2006-07,107.97
Non-food goods,137.4,137.3,2006-08,108.02
Non-food goods,137.4,137.3,2006-09,107.52
Non-food goods,137.4,137.3,2006-10,107.56
Non-food goods,137.4,137.3,2006-11,107.58
Non-food goods,137.4,137.3,2006-12,108.33
Non-food goods,137.4,137.3,2007-01,106.12
Non-food goods,137.4,137.3,2007-02,105.92
Non-food goods,137.4,137.3,2007-03,105.95
Non-food goods,137.4,137.3,2007-04,106.43
Non-food goods,137.4,137.3,2007-05,105.51
Non-food goods,137.4,137.3,2007-06,105.12
Non-food goods,137.4,137.3,2007-07,104.38
Non-food goods,137.4,137.3,2007-08,104.14
Non-food goods,137.4,137.3,2007-09,104.09
Non-food goods,137.4,137.3,2007-10,104.73
Non-food goods,137.4,137.3,2007-11,104.09
Non-food goods,137.4,137.3,2007-12,103.6
Non-food goods,137.4,137.3,2008-01,104.19
Non-food goods,137.4,137.3,2008-02,105.34
Non-food goods,137.4,137.3,2008-03,105.91
Non-food goods,137.4,137.3,2008-04,105.51
Non-food goods,137.4,137.3,2008-05,105.66
Non-food goods,137.4,137.3,2008-06,105.87
Non-food goods,137.4,137.3,2008-07,107.84
Non-food goods,137.4,137.3,2008-08,107.75
Non-food goods,137.4,137.3,2008-09,107.75
Non-food goods,137.4,137.3,2008-10,107.58
Non-food goods,137.4,137.3,2008-11,106.87
Non-food goods,137.4,137.3,2008-12,105.96
Non-food goods,137.4,137.3,2009-01,106.43
Non-food goods,137.4,137.3,2009-02,106.68
Non-food goods,137.4,137.3,2009-03,106.69
Non-food goods,137.4,137.3,2009-04,107.06
Non-food goods,137.4,137.3,2009-05,106.59
Non-food goods,137.4,137.3,2009-06,106.74
Non-food goods,137.4,137.3,2009-07,104.48
Non-food goods,137.4,137.3,2009-08,104.83
Non-food goods,137.4,137.3,2009-09,105.47
Non-food goods,137.4,137.3,2009-10,105.4
Non-food goods,137.4,137.3,2009-11,106.63
Non-food goods,137.4,137.3,2009-12,107.72
Non-food goods,137.4,137.3,2010-01,110.25
Non-food goods,137.4,137.3,2010-02,109.09
Non-food goods,137.4,137.3,2010-03,108.76
Non-food goods,137.4,137.3,2010-04,108.5
Non-food goods,137.4,137.3,2010-05,108.68
Non-food goods,137.4,137.3,2010-06,108.39
Non-food goods,137.4,137.3,2010-07,111.58
Non-food goods,137.4,137.3,2010-08,111.25
Non-food goods,137.4,137.3,2010-09,110.75
Non-food goods,137.4,137.3,2010-10,110.56
Non-food goods,137.4,137.3,2010-11,109.75
Non-food goods,137.4,137.3,2010-12,109.76
Non-food goods,137.4,137.3,2011-01,107.24
Non-food goods,137.4,137.3,2011-02,107.27
Non-food goods,137.4,137.3,2011-03,107.41
Non-food goods,137.4,137.3,2011-04,107.74
Non-food goods,137.4,137.3,2011-05,107.7
Non-food goods,137.4,137.3,2011-06,107.74
Non-food goods,137.4,137.3,2011-07,104.97
Non-food goods,137.4,137.3,2011-08,104.94
Non-food goods,137.4,137.3,2011-09,104.84
Non-food goods,137.4,137.3,2011-10,105.02
Non-food goods,137.4,137.3,2011-11,104.88
Non-food goods,137.4,137.3,2011-12,104.45
Non-food goods,137.4,137.3,2012-01,104
Non-food goods,137.4,137.3,2012-02,104.13
Non-food goods,137.4,137.3,2012-03,103.93
Non-food goods,137.4,137.3,2012-04,103.21
Non-food goods,137.4,137.3,2012-05,103.26
Non-food goods,137.4,137.3,2012-06,102.96
Non-food goods,137.4,137.3,2012-07,103.37
Non-food goods,137.4,137.3,2012-08,103.91
Non-food goods,137.4,137.3,2012-09,104.3
Non-food goods,137.4,137.3,2012-10,104.04
Non-food goods,137.4,137.3,2012-11,103.69
Non-food goods,137.4,137.3,2012-12,104.48
Non-food goods,137.4,137.3,2013-01,106.19
Non-food goods,137.4,137.3,2013-02,106.22
Non-food goods,137.4,137.3,2013-03,105.81
Non-food goods,137.4,137.3,2013-04,105.8
Non-food goods,137.4,137.3,2013-05,105.46
Non-food goods,137.4,137.3,2013-06,105.84
Non-food goods,137.4,137.3,2013-07,105.46
Non-food goods,137.4,137.3,2013-08,104.98
Non-food goods,137.4,137.3,2013-09,104.38
Non-food goods,137.4,137.3,2013-10,104.23
Non-food goods,137.4,137.3,2013-11,104.38
Non-food goods,137.4,137.3,2013-12,103.62
Non-food goods,137.4,137.3,2014-01,102.48
Non-food goods,137.4,137.3,2014-02,102.36
Non-food goods,137.4,137.3,2014-03,102.53
Non-food goods,137.4,137.3,2014-04,103.04
Non-food goods,137.4,137.3,2014-05,103.21
Non-food goods,137.4,137.3,2014-06,103.02
Non-food goods,137.4,137.3,2014-07,102.52
Non-food goods,137.4,137.3,2014-08,102.38
Non-food goods,137.4,137.3,2014-09,102.41
Non-food goods,137.4,137.3,2014-10,102.26
Non-food goods,137.4,137.3,2014-11,101.93
Non-food goods,137.4,137.3,2014-12,101.25
Non-food goods,137.4,137.3,2015-01,100.56
Non-food goods,137.4,137.3,2015-02,100.65
Non-food goods,137.4,137.3,2015-03,101.17
Non-food goods,137.4,137.3,2015-04,100.49
Non-food goods,137.4,137.3,2015-05,100.76
Non-food goods,137.4,137.3,2015-06,100.76
Non-food goods,137.4,137.3,2015-07,101.26
Non-food goods,137.4,137.3,2015-08,100.77
Non-food goods,137.4,137.3,2015-09,100.54
Non-food goods,137.4,137.3,2015-10,100.75
Non-food goods,137.4,137.3,2015-11,101.54
Non-food goods,137.4,137.3,2015-12,101.95
Non-food goods,137.4,137.3,2016-01,100.12
Non-food goods,137.4,137.3,2016-02,99.46
Non-food goods,137.4,137.3,2016-03,99.09
Non-food goods,137.4,137.3,2016-04,99
Non-food goods,137.4,137.3,2016-05,98.77
Non-food goods,137.4,137.3,2016-06,98.78
Non-food goods,137.4,137.3,2016-07,97.8
Non-food goods,137.4,137.3,2016-08,98.58
Non-food goods,137.4,137.3,2016-09,98.94
Non-food goods,137.4,137.3,2016-10,99.2
Non-food goods,137.4,137.3,2016-11,98.73
Non-food goods,137.4,137.3,2016-12,99.13
Non-food goods,137.4,137.3,2017-01,99.76
Non-food goods,137.4,137.3,2017-02,100.11
Non-food goods,137.4,137.3,2017-03,99.75
Non-food goods,137.4,137.3,2017-04,100.25
Non-food goods,137.4,137.3,2017-05,100.23
Non-food goods,137.4,137.3,2017-06,100.21
Non-food goods,137.4,137.3,2017-07,101.67
Non-food goods,137.4,137.3,2017-08,101.56
Non-food goods,137.4,137.3,2017-09,101.89
Non-food goods,137.4,137.3,2017-10,103.26
Non-food goods,137.4,137.3,2017-11,104.12
Non-food goods,137.4,137.3,2017-12,104.11
Non-food goods,137.4,137.3,2018-01,106.23
Non-food goods,137.4,137.3,2018-02,106.27
Non-food goods,137.4,137.3,2018-03,106.57
Non-food goods,137.4,137.3,2018-04,107.2
Non-food goods,137.4,137.3,2018-05,107.75
Non-food goods,137.4,137.3,2018-06,107.82
Non-food goods,137.4,137.3,2018-07,106.23
Non-food goods,137.4,137.3,2018-08,106.78
Non-food goods,137.4,137.3,2018-09,106.55
Non-food goods,137.4,137.3,2018-10,105.27
Non-food goods,137.4,137.3,2018-11,104.24
Non-food goods,137.4,137.3,2018-12,103.75
Non-food goods,137.4,137.3,2019-01,103.29
Non-food goods,137.4,137.3,2019-02,103.74
Non-food goods,137.4,137.3,2019-03,104.15
Non-food goods,137.4,137.3,2019-04,103.66
Non-food goods,137.4,137.3,2019-05,103.27
Non-food goods,137.4,137.3,2019-06,102.89
Non-food goods,137.4,137.3,2019-07,103.44
Non-food goods,137.4,137.3,2019-08,102.98
Non-food goods,137.4,137.3,2019-09,102.78
Non-food goods,137.4,137.3,2019-10,102.57
Non-food goods,137.4,137.3,2019-11,102.83
Non-food goods,137.4,137.3,2019-12,103.31
Non-food goods,137.4,137.3,2020-01,102.68
Non-food goods,137.4,137.3,2020-02,102.04
Non-food goods,137.4,137.3,2020-03,101.39
Non-food goods,137.4,137.3,2020-04,100.53
Non-food goods,137.4,137.3,2020-05,100.15
Non-food goods,137.4,137.3,2020-06,100.68
Non-food goods,137.4,137.3,2020-07,100.88
Non-food goods,137.4,137.3,2020-08,100.75
Non-food goods,137.4,137.3,2020-09,100.62
Non-food goods,137.4,137.3,2020-10,100.6
Non-food goods,137.4,137.3,2020-11,100.78
Non-food goods,137.4,137.3,2020-12,101.01
Non-food goods,137.4,137.3,2021-01,103.25
Non-food goods,137.4,137.3,2021-02,103.8
Non-food goods,137.4,137.3,2021-03,104.37
Non-food goods,137.4,137.3,2021-04,105.21
Non-food goods,137.4,137.3,2021-05,105.7
Non-food goods,137.4,137.3,2021-06,105.71
Non-food goods,137.4,137.3,2021-07,107.64
Non-food goods,137.4,137.3,2021-08,107.92
Non-food goods,137.4,137.3,2021-09,108.71
Non-food goods,137.4,137.3,2021-10,111.39
Non-food goods,137.4,137.3,2021-11,110.49
Non-food goods,137.4,137.3,2021-12,110.73
Non-food goods,137.4,137.3,2022-01,110.18
Non-food goods,137.4,137.3,2022-02,109.33
Non-food goods,137.4,137.3,2022-03,110.86
Non-food goods,137.4,137.3,2022-04,116.35
Non-food goods,137.4,137.3,2022-05,117.18
Non-food goods,137.4,137.3,2022-06,117.92
Non-food goods,137.4,137.3,2022-07,116.59
Non-food goods,137.4,137.3,2022-08,115.98
Non-food goods,137.4,137.3,2022-09,116.61
Non-food goods,137.4,137.3,2022-10,114.37
Non-food goods,137.4,137.3,2022-11,116.17
Non-food goods,137.4,137.3,2022-12,114.95
Non-food goods,137.4,137.3,2023-01,111.88
Non-food goods,137.4,137.3,2023-02,112.73
Non-food goods,137.4,137.3,2023-03,111.06
Non-food goods,137.4,137.3,2023-04,105.83
Non-food goods,137.4,137.3,2023-05,105.15
Non-food goods,137.4,137.3,2023-06,104.84
Non-food goods,137.4,137.3,2023-07,104.25
Non-food goods,137.4,137.3,2023-08,106.98
Non-food goods,137.4,137.3,2023-09,106.68
Non-food goods,137.4,137.3,2023-10,106.24
Non-food goods,137.4,137.3,2023-11,105.08
Non-food goods,137.4,137.3,2023-12,105.51
Non-food goods,137.4,137.3,2024-01,107.36
Non-food goods,137.4,137.3,2024-02,107.82
Non-food goods,137.4,137.3,2024-03,108.06
Non-food goods,137.4,137.3,2024-04,107.17
Non-food goods,137.4,137.3,2024-05,106.38
Non-food goods,137.4,137.3,2024-06,106.28
Non-food goods,137.4,137.3,2024-07,106.92
Non-food goods,137.4,137.3,2024-08,104.35
Services,142,142.5,2001-03,142.1
Services,142,142.5,2001-04,132.5
Services,142,142.5,2001-05,132.3
Services,142,142.5,2001-06,133.1
Services,142,142.5,2001-07,132.8
Services,142,142.5,2001-08,132.6
Services,142,142.5,2001-09,133.1
Services,142,142.5,2001-10,134.1
Services,142,142.5,2001-11,134.6
Services,142,142.5,2001-12,136.2
Services,142,142.5,2002-01,129.5
Services,142,142.5,2002-02,128.2
Services,142,142.5,2002-03,127.8
Services,142,142.5,2002-04,129
Services,142,142.5,2002-05,129.7
Services,142,142.5,2002-06,129.4
Services,142,142.5,2002-07,128.3
Services,142,142.5,2002-08,127.7
Services,142,142.5,2002-09,125.7
Services,142,142.5,2002-10,123.2
Services,142,142.5,2002-11,123.9
Services,142,142.5,2002-12,121
Services,142,142.5,2003-01,120.3
Services,142,142.5,2003-02,117.1
Services,142,142.5,2003-03,116.8
Services,142,142.5,2003-04,115.7
Services,142,142.5,2003-05,114.4
Services,142,142.5,2003-06,113.6
Services,142,142.5,2003-07,112.1
Services,142,142.5,2003-08,112.1
Services,142,142.5,2003-09,112.7
Services,142,142.5,2003-10,115.2
Services,142,142.5,2003-11,114.2
Services,142,142.5,2003-12,115
Services,142,142.5,2004-01,115.1
Services,142,142.5,2004-02,117.2
Services,142,142.5,2004-03,116.8
Services,142,142.5,2004-04,116.1
Services,142,142.5,2004-05,116
Services,142,142.5,2004-06,116.8
Services,142,142.5,2004-07,116.5
Services,142,142.5,2004-08,115.7
Services,142,142.5,2004-09,115.7
Services,142,142.5,2004-10,112.9
Services,142,142.5,2004-11,110.4
Services,142,142.5,2004-12,108.7
Services,142,142.5,2005-01,108.1
Services,142,142.5,2005-02,110.2
Services,142,142.5,2005-03,109.9
Services,142,142.5,2005-04,110.4
Services,142,142.5,2005-05,110.9
Services,142,142.5,2005-06,110.7
Services,142,142.5,2005-07,111.1
Services,142,142.5,2005-08,109.6
Services,142,142.5,2005-09,109.4
Services,142,142.5,2005-10,110.3
Services,142,142.5,2005-11,112.4
Services,142,142.5,2005-12,113.1
Services,142,142.5,2006-01,113.1
Services,142,142.5,2006-02,110.06
Services,142,142.5,2006-03,109.79
Services,142,142.5,2006-04,108.6
Services,142,142.5,2006-05,107.92
Services,142,142.5,2006-06,107.7
Services,142,142.5,2006-07,107.49
Services,142,142.5,2006-08,108.28
Services,142,142.5,2006-09,108.26
Services,142,142.5,2006-10,106.91
Services,142,142.5,2006-11,105.94
Services,142,142.5,2006-12,105.12
Services,142,142.5,2007-01,105.6
Services,142,142.5,2007-02,106.3
Services,142,142.5,2007-03,106.52
Services,142,142.5,2007-04,105.86
Services,142,142.5,2007-05,107.96
Services,142,142.5,2007-06,107
Services,142,142.5,2007-07,105.7
Services,142,142.5,2007-08,106.04
Services,142,142.5,2007-09,106.3
Services,142,142.5,2007-10,106.36
Services,142,142.5,2007-11,107.32
Services,142,142.5,2007-12,108.55
Services,142,142.5,2008-01,109.71
Services,142,142.5,2008-02,109.85
Services,142,142.5,2008-03,110.69
Services,142,142.5,2008-04,110.42
Services,142,142.5,2008-05,108.41
Services,142,142.5,2008-06,108.71
Services,142,142.5,2008-07,109.11
Services,142,142.5,2008-08,106.99
Services,142,142.5,2008-09,106.6
Services,142,142.5,2008-10,107.92
Services,142,142.5,2008-11,107.04
Services,142,142.5,2008-12,107.71
Services,142,142.5,2009-01,108.92
Services,142,142.5,2009-02,109.48
Services,142,142.5,2009-03,108.84
Services,142,142.5,2009-04,108.84
Services,142,142.5,2009-05,108.47
Services,142,142.5,2009-06,108.73
Services,142,142.5,2009-07,109.41
Services,142,142.5,2009-08,110.76
Services,142,142.5,2009-09,110.17
Services,142,142.5,2009-10,108.78
Services,142,142.5,2009-11,108.52
Services,142,142.5,2009-12,106.86
Services,142,142.5,2010-01,103.85
Services,142,142.5,2010-02,102.8
Services,142,142.5,2010-03,102.37
Services,142,142.5,2010-04,103.32
Services,142,142.5,2010-05,103.69
Services,142,142.5,2010-06,103.84
Services,142,142.5,2010-07,106.14
Services,142,142.5,2010-08,106.24
Services,142,142.5,2010-09,106.35
Services,142,142.5,2010-10,106.06
Services,142,142.5,2010-11,106.13
Services,142,142.5,2010-12,106.43
Services,142,142.5,2011-01,105.93
Services,142,142.5,2011-02,105.96
Services,142,142.5,2011-03,105.7
Services,142,142.5,2011-04,104.76
Services,142,142.5,2011-05,104.65
Services,142,142.5,2011-06,104.76
Services,142,142.5,2011-07,103.09
Services,142,142.5,2011-08,103.52
Services,142,142.5,2011-09,103.46
Services,142,142.5,2011-10,103.56
Services,142,142.5,2011-11,104
Services,142,142.5,2011-12,104.23
Services,142,142.5,2012-01,104.74
Services,142,142.5,2012-02,104.84
Services,142,142.5,2012-03,105.4
Services,142,142.5,2012-04,106.03
Services,142,142.5,2012-05,106.21
Services,142,142.5,2012-06,105.77
Services,142,142.5,2012-07,105.69
Services,142,142.5,2012-08,104.94
Services,142,142.5,2012-09,104.79
Services,142,142.5,2012-10,104.89
Services,142,142.5,2012-11,104.08
Services,142,142.5,2012-12,103.61
Services,142,142.5,2013-01,103.1
Services,142,142.5,2013-02,103.2
Services,142,142.5,2013-03,103.52
Services,142,142.5,2013-04,103.48
Services,142,142.5,2013-05,102.9
Services,142,142.5,2013-06,103.53
Services,142,142.5,2013-07,102.96
Services,142,142.5,2013-08,103.16
Services,142,142.5,2013-09,103.2
Services,142,142.5,2013-10,102.78
Services,142,142.5,2013-11,103.02
Services,142,142.5,2013-12,103.43
Services,142,142.5,2014-01,104.25
Services,142,142.5,2014-02,104.5
Services,142,142.5,2014-03,104.09
Services,142,142.5,2014-04,103.91
Services,142,142.5,2014-05,103.86
Services,142,142.5,2014-06,102.77
Services,142,142.5,2014-07,102.84
Services,142,142.5,2014-08,102.74
Services,142,142.5,2014-09,102.44
Services,142,142.5,2014-10,102.13
Services,142,142.5,2014-11,102.19
Services,142,142.5,2014-12,102.25
Services,142,142.5,2015-01,102.2
Services,142,142.5,2015-02,101.53
Services,142,142.5,2015-03,101.55
Services,142,142.5,2015-04,101.67
Services,142,142.5,2015-05,102.07
Services,142,142.5,2015-06,102.48
Services,142,142.5,2015-07,102.2
Services,142,142.5,2015-08,102
Services,142,142.5,2015-09,101.99
Services,142,142.5,2015-10,102.1
Services,142,142.5,2015-11,102.26
Services,142,142.5,2015-12,102.41
Services,142,142.5,2016-01,101.23
Services,142,142.5,2016-02,99.69
Services,142,142.5,2016-03,99.53
Services,142,142.5,2016-04,99.57
Services,142,142.5,2016-05,99.38
Services,142,142.5,2016-06,99.26
Services,142,142.5,2016-07,99.07
Services,142,142.5,2016-08,98.96
Services,142,142.5,2016-09,98.83
Services,142,142.5,2016-10,98.89
Services,142,142.5,2016-11,98.49
Services,142,142.5,2016-12,98.17
Services,142,142.5,2017-01,98.92
Services,142,142.5,2017-02,98.29
Services,142,142.5,2017-03,98.61
Services,142,142.5,2017-04,98.65
Services,142,142.5,2017-05,98.74
Services,142,142.5,2017-06,98.97
Services,142,142.5,2017-07,99.22
Services,142,142.5,2017-08,99.51
Services,142,142.5,2017-09,99.84
Services,142,142.5,2017-10,99.67
Services,142,142.5,2017-11,100.1
Services,142,142.5,2017-12,100.22
Services,142,142.5,2018-01,100.9
Services,142,142.5,2018-02,102.92
Services,142,142.5,2018-03,102.9
Services,142,142.5,2018-04,102.83
Services,142,142.5,2018-05,102.72
Services,142,142.5,2018-06,102.58
Services,142,142.5,2018-07,102.68
Services,142,142.5,2018-08,102.61
Services,142,142.5,2018-09,102.54
Services,142,142.5,2018-10,102.73
Services,142,142.5,2018-11,102.5
Services,142,142.5,2018-12,102.44
Services,142,142.5,2019-01,102.71
Services,142,142.5,2019-02,103.08
Services,142,142.5,2019-03,103.18
Services,142,142.5,2019-04,103.83
Services,142,142.5,2019-05,104.3
Services,142,142.5,2019-06,104.26
Services,142,142.5,2019-07,104.11
Services,142,142.5,2019-08,104.23
Services,142,142.5,2019-09,104.24
Services,142,142.5,2019-10,104.14
Services,142,142.5,2019-11,104.19
Services,142,142.5,2019-12,104.16
Services,142,142.5,2020-01,104.01
Services,142,142.5,2020-02,103.84
Services,142,142.5,2020-03,103.8
Services,142,142.5,2020-04,103.06
Services,142,142.5,2020-05,102.6
Services,142,142.5,2020-06,102.78
Services,142,142.5,2020-07,103
Services,142,142.5,2020-08,102.97
Services,142,142.5,2020-09,102.89
Services,142,142.5,2020-10,102.85
Services,142,142.5,2020-11,102.77
Services,142,142.5,2020-12,102.69
Services,142,142.5,2021-01,102.51
Services,142,142.5,2021-02,102.32
Services,142,142.5,2021-03,102.21
Services,142,142.5,2021-04,102.61
Services,142,142.5,2021-05,102.78
Services,142,142.5,2021-06,102.66
Services,142,142.5,2021-07,102.74
Services,142,142.5,2021-08,102.97
Services,142,142.5,2021-09,103.75
Services,142,142.5,2021-10,103.96
Services,142,142.5,2021-11,104.09
Services,142,142.5,2021-12,104.49
Services,142,142.5,2022-01,105.66
Services,142,142.5,2022-02,106.08
Services,142,142.5,2022-03,106.53
Services,142,142.5,2022-04,107.11
Services,142,142.5,2022-05,107.47
Services,142,142.5,2022-06,107.81
Services,142,142.5,2022-07,108.33
Services,142,142.5,2022-08,108.26
Services,142,142.5,2022-09,108
Services,142,142.5,2022-10,108.31
Services,142,142.5,2022-11,109.51
Services,142,142.5,2022-12,109.78
Services,142,142.5,2023-01,110.27
Services,142,142.5,2023-02,110.38
Services,142,142.5,2023-03,110.83
Services,142,142.5,2023-04,110.64
Services,142,142.5,2023-05,111.16
Services,142,142.5,2023-06,111.5
Services,142,142.5,2023-07,111.65
Services,142,142.5,2023-08,111.72
Services,142,142.5,2023-09,112.1
Services,142,142.5,2023-10,112.2
Services,142,142.5,2023-11,111.18
Services,142,142.5,2023-12,111.21
Services,142,142.5,2024-01,110.91
Services,142,142.5,2024-02,111
Services,142,142.5,2024-03,110.2
Services,142,142.5,2024-04,110.05
Services,142,142.5,2024-05,109.29
Services,142,142.5,2024-06,108.81
Services,142,142.5,2024-07,108.52
Services,142,142.5,2024-08,108.6
Total,103.7,102.3,2001-03,102
Total,103.7,102.3,2001-04,102.7
Total,103.7,102.3,2001-05,101.7
Total,103.7,102.3,2001-06,101.6
Total,103.7,102.3,2001-07,101.3
Total,103.7,102.3,2001-08,102.2
Total,103.7,102.3,2001-09,101.9
Total,103.7,102.3,2001-10,102.4
Total,103.7,102.3,2001-11,102.7
Total,103.7,102.3,2001-12,102.2
Total,103.7,102.3,2002-01,102.3
Total,103.7,102.3,2002-02,101.2
Total,103.7,102.3,2002-03,100.4
Total,103.7,102.3,2002-04,102
Total,103.7,102.3,2002-05,101.9
Total,103.7,102.3,2002-06,101.2
Total,103.7,102.3,2002-07,100.5
Total,103.7,102.3,2002-08,100.8
Total,103.7,102.3,2002-09,100.6
Total,103.7,102.3,2002-10,101.6
Total,103.7,102.3,2002-11,102.6
Total,103.7,102.3,2002-12,101.5
Total,103.7,102.3,2003-01,101.3
Total,103.7,102.3,2003-02,100.8
Total,103.7,102.3,2003-03,101.1
Total,103.7,102.3,2003-04,101.1
Total,103.7,102.3,2003-05,100.5
Total,103.7,102.3,2003-06,100.9
Total,103.7,102.3,2003-07,101.2
Total,103.7,102.3,2003-08,100.3
Total,103.7,102.3,2003-09,102.1
Total,103.7,102.3,2003-10,101.5
Total,103.7,102.3,2003-11,101.4
Total,103.7,102.3,2003-12,101.2
Total,103.7,102.3,2004-01,101.1
Total,103.7,102.3,2004-02,100.6
Total,103.7,102.3,2004-03,100.5
Total,103.7,102.3,2004-04,100.6
Total,103.7,102.3,2004-05,100.3
Total,103.7,102.3,2004-06,100.6
Total,103.7,102.3,2004-07,101.3
Total,103.7,102.3,2004-08,100.5
Total,103.7,102.3,2004-09,100.9
Total,103.7,102.3,2004-10,101.2
Total,103.7,102.3,2004-11,100.6
Total,103.7,102.3,2004-12,100.6
Total,103.7,102.3,2005-01,100.8
Total,103.7,102.3,2005-02,100.6
Total,103.7,102.3,2005-03,100.3
Total,103.7,102.3,2005-04,101.8
Total,103.7,102.3,2005-05,100.3
Total,103.7,102.3,2005-06,100.3
Total,103.7,102.3,2005-07,101
Total,103.7,102.3,2005-08,100.1
Total,103.7,102.3,2005-09,100.6
Total,103.7,102.3,2005-10,100.9
Total,103.7,102.3,2005-11,101.2
Total,103.7,102.3,2005-12,100.5
Total,103.7,102.3,2006-01,101.03
Total,103.7,102.3,2006-02,100.24
Total,103.7,102.3,2006-03,100.21
Total,103.7,102.3,2006-04,100.42
Total,103.7,102.3,2006-05,100.6
Total,103.7,102.3,2006-06,100.15
Total,103.7,102.3,2006-07,100.11
Total,103.7,102.3,2006-08,99.93
Total,103.7,102.3,2006-09,100.05
Total,103.7,102.3,2006-10,100.21
Total,103.7,102.3,2006-11,101.09
Total,103.7,102.3,2006-12,100.74
Total,103.7,102.3,2007-01,100.2
Total,103.7,102.3,2007-02,100.04
Total,103.7,102.3,2007-03,100.07
Total,103.7,102.3,2007-04,100.52
Total,103.7,102.3,2007-05,100.64
Total,103.7,102.3,2007-06,100.14
Total,103.7,102.3,2007-07,100.29
Total,103.7,102.3,2007-08,100.86
Total,103.7,102.3,2007-09,101.08
Total,103.7,102.3,2007-10,100.97
Total,103.7,102.3,2007-11,100.93
Total,103.7,102.3,2007-12,100.64
Total,103.7,102.3,2008-01,100.86
Total,103.7,102.3,2008-02,100.7
Total,103.7,102.3,2008-03,100.67
Total,103.7,102.3,2008-04,100.52
Total,103.7,102.3,2008-05,100.49
Total,103.7,102.3,2008-06,100.28
Total,103.7,102.3,2008-07,100.69
Total,103.7,102.3,2008-08,99.91
Total,103.7,102.3,2008-09,100.4
Total,103.7,102.3,2008-10,101.06
Total,103.7,102.3,2008-11,100.32
Total,103.7,102.3,2008-12,100.23
Total,103.7,102.3,2009-01,101.24
Total,103.7,102.3,2009-02,100.88
Total,103.7,102.3,2009-03,100.5
Total,103.7,102.3,2009-04,100.27
Total,103.7,102.3,2009-05,100.01
Total,103.7,102.3,2009-06,100.2
Total,103.7,102.3,2009-07,99.93
Total,103.7,102.3,2009-08,99.81
Total,103.7,102.3,2009-09,100.39
Total,103.7,102.3,2009-10,100.44
Total,103.7,102.3,2009-11,100.67
Total,103.7,102.3,2009-12,100.32
Total,103.7,102.3,2010-01,101.68
Total,103.7,102.3,2010-02,100.2
Total,103.7,102.3,2010-03,100.22
Total,103.7,102.3,2010-04,100.35
Total,103.7,102.3,2010-05,100.15
Total,103.7,102.3,2010-06,100.16
Total,103.7,102.3,2010-07,102.58
Total,103.7,102.3,2010-08,100.23
Total,103.7,102.3,2010-09,100.56
Total,103.7,102.3,2010-10,100.55
Total,103.7,102.3,2010-11,100.52
Total,103.7,102.3,2010-12,100.53
Total,103.7,102.3,2011-01,100.77
Total,103.7,102.3,2011-02,100.77
Total,103.7,102.3,2011-03,100.6
Total,103.7,102.3,2011-04,100.66
Total,103.7,102.3,2011-05,100.21
Total,103.7,102.3,2011-06,99.71
Total,103.7,102.3,2011-07,99.65
Total,103.7,102.3,2011-08,99.65
Total,103.7,102.3,2011-09,99.79
Total,103.7,102.3,2011-10,100.64
Total,103.7,102.3,2011-11,100.42
Total,103.7,102.3,2011-12,100.23
Total,103.7,102.3,2012-01,100.36
Total,103.7,102.3,2012-02,100.64
Total,103.7,102.3,2012-03,100.42
Total,103.7,102.3,2012-04,100.07
Total,103.7,102.3,2012-05,100.2
Total,103.7,102.3,2012-06,99.96
Total,103.7,102.3,2012-07,100.59
Total,103.7,102.3,2012-08,100.51
Total,103.7,102.3,2012-09,101.18
Total,103.7,102.3,2012-10,100.29
Total,103.7,102.3,2012-11,100.04
Total,103.7,102.3,2012-12,100.6
Total,103.7,102.3,2013-01,101.34
Total,103.7,102.3,2013-02,100.34
Total,103.7,102.3,2013-03,100.04
Total,103.7,102.3,2013-04,100.11
Total,103.7,102.3,2013-05,100.23
Total,103.7,102.3,2013-06,100.01
Total,103.7,102.3,2013-07,99.66
Total,103.7,102.3,2013-08,99.8
Total,103.7,102.3,2013-09,99.43
Total,103.7,102.3,2013-10,100.29
Total,103.7,102.3,2013-11,99.99
Total,103.7,102.3,2013-12,100.33
Total,103.7,102.3,2014-01,100.85
Total,103.7,102.3,2014-02,100.33
Total,103.7,102.3,2014-03,100.03
Total,103.7,102.3,2014-04,100.27
Total,103.7,102.3,2014-05,99.96
Total,103.7,102.3,2014-06,99.73
Total,103.7,102.3,2014-07,99.95
Total,103.7,102.3,2014-08,99.69
Total,103.7,102.3,2014-09,100.12
Total,103.7,102.3,2014-10,100.19
Total,103.7,102.3,2014-11,99.81
Total,103.7,102.3,2014-12,99.9
Total,103.7,102.3,2015-01,100.43
Total,103.7,102.3,2015-02,100.33
Total,103.7,102.3,2015-03,100.41
Total,103.7,102.3,2015-04,100.13
Total,103.7,102.3,2015-05,100.47
Total,103.7,102.3,2015-06,97.05
Total,103.7,102.3,2015-07,99.83
Total,103.7,102.3,2015-08,99.49
Total,103.7,102.3,2015-09,100.26
Total,103.7,102.3,2015-10,100.28
Total,103.7,102.3,2015-11,100.31
Total,103.7,102.3,2015-12,100.11
Total,103.7,102.3,2016-01,99.22
Total,103.7,102.3,2016-02,99.76
Total,103.7,102.3,2016-03,100.1
Total,103.7,102.3,2016-04,99.85
Total,103.7,102.3,2016-05,100.25
Total,103.7,102.3,2016-06,99.83
Total,103.7,102.3,2016-07,99.76
Total,103.7,102.3,2016-08,100.07
Total,103.7,102.3,2016-09,99.89
Total,103.7,102.3,2016-10,100.43
Total,103.7,102.3,2016-11,100.07
Total,103.7,102.3,2016-12,100.24
Total,103.7,102.3,2017-01,99.81
Total,103.7,102.3,2017-02,99.91
Total,103.7,102.3,2017-03,100.08
Total,103.7,102.3,2017-04,100.28
Total,103.7,102.3,2017-05,100.28
Total,103.7,102.3,2017-06,100.04
Total,103.7,102.3,2017-07,100.32
Total,103.7,102.3,2017-08,99.8
Total,103.7,102.3,2017-09,100.5
Total,103.7,102.3,2017-10,101.28
Total,103.7,102.3,2017-11,100.66
Total,103.7,102.3,2017-12,100.32
Total,103.7,102.3,2018-01,100.78
Total,103.7,102.3,2018-02,100.3
Total,103.7,102.3,2018-03,100.29
Total,103.7,102.3,2018-04,100.54
Total,103.7,102.3,2018-05,100.47
Total,103.7,102.3,2018-06,100.02
Total,103.7,102.3,2018-07,99.52
Total,103.7,102.3,2018-08,100.28
Total,103.7,102.3,2018-09,100.47
Total,103.7,102.3,2018-10,100.52
Total,103.7,102.3,2018-11,99.87
Total,103.7,102.3,2018-12,100.16
Total,103.7,102.3,2019-01,100.83
Total,103.7,102.3,2019-02,100.79
Total,103.7,102.3,2019-03,100.49
Total,103.7,102.3,2019-04,100.61
Total,103.7,102.3,2019-05,100.46
Total,103.7,102.3,2019-06,99.77
Total,103.7,102.3,2019-07,99.8
Total,103.7,102.3,2019-08,100.06
Total,103.7,102.3,2019-09,100.09
Total,103.7,102.3,2019-10,100.43
Total,103.7,102.3,2019-11,100.23
Total,103.7,102.3,2019-12,100.42
Total,103.7,102.3,2020-01,100.41
Total,103.7,102.3,2020-02,100.25
Total,103.7,102.3,2020-03,100.5
Total,103.7,102.3,2020-04,100.26
Total,103.7,102.3,2020-05,100.05
Total,103.7,102.3,2020-06,100.08
Total,103.7,102.3,2020-07,100
Total,103.7,102.3,2020-08,99.95
Total,103.7,102.3,2020-09,99.86
Total,103.7,102.3,2020-10,100.22
Total,103.7,102.3,2020-11,100.13
Total,103.7,102.3,2020-12,100.34
Total,103.7,102.3,2021-01,101.33
Total,103.7,102.3,2021-02,100.41
Total,103.7,102.3,2021-03,100.38
Total,103.7,102.3,2021-04,100.45
Total,103.7,102.3,2021-05,100.53
Total,103.7,102.3,2021-06,100.27
Total,103.7,102.3,2021-07,100.97
Total,103.7,102.3,2021-08,100.24
Total,103.7,102.3,2021-09,100.84
Total,103.7,102.3,2021-10,101.78
Total,103.7,102.3,2021-11,100
Total,103.7,102.3,2021-12,100.71
Total,103.7,102.3,2022-01,101.48
Total,103.7,102.3,2022-02,100.58
Total,103.7,102.3,2022-03,101.88
Total,103.7,102.3,2022-04,103.74
Total,103.7,102.3,2022-05,101.18
Total,103.7,102.3,2022-06,100.76
Total,103.7,102.3,2022-07,100.89
Total,103.7,102.3,2022-08,100.56
Total,103.7,102.3,2022-09,101.33
Total,103.7,102.3,2022-10,101.28
Total,103.7,102.3,2022-11,101.25
Total,103.7,102.3,2022-12,100.37
Total,103.7,102.3,2023-01,100.34
Total,103.7,102.3,2023-02,100.98
Total,103.7,102.3,2023-03,101.01
Total,103.7,102.3,2023-04,100.75
Total,103.7,102.3,2023-05,100.64
Total,103.7,102.3,2023-06,100.4
Total,103.7,102.3,2023-07,100.15
Total,103.7,102.3,2023-08,100.54
Total,103.7,102.3,2023-09,100.79
Total,103.7,102.3,2023-10,100.57
Total,103.7,102.3,2023-11,99.99
Total,103.7,102.3,2023-12,100.26
Total,103.7,102.3,2024-01,101.1
Total,103.7,102.3,2024-02,100.81
Total,103.7,102.3,2024-03,100.42
Total,103.7,102.3,2024-04,100.08
Total,103.7,102.3,2024-05,99.89
Total,103.7,102.3,2024-06,100.24
Total,103.7,102.3,2024-07,100.6
Total,103.7,102.3,2024-08,100.23
Food goods,103.8,103.1,2001-03,102.5
Food goods,103.8,103.1,2001-04,103.3
Food goods,103.8,103.1,2001-05,101.9
Food goods,103.8,103.1,2001-06,102
Food goods,103.8,103.1,2001-07,100.1
Food goods,103.8,103.1,2001-08,100.7
Food goods,103.8,103.1,2001-09,101.4
Food goods,103.8,103.1,2001-10,101.8
Food goods,103.8,103.1,2001-11,101.2
Food goods,103.8,103.1,2001-12,102.6
Food goods,103.8,103.1,2002-01,102.5
Food goods,103.8,103.1,2002-02,100.7
Food goods,103.8,103.1,2002-03,100.5
Food goods,103.8,103.1,2002-04,102.3
Food goods,103.8,103.1,2002-05,102.3
Food goods,103.8,103.1,2002-06,101.5
Food goods,103.8,103.1,2002-07,99
Food goods,103.8,103.1,2002-08,100.3
Food goods,103.8,103.1,2002-09,100.1
Food goods,103.8,103.1,2002-10,100.9
Food goods,103.8,103.1,2002-11,102.2
Food goods,103.8,103.1,2002-12,102.7
Food goods,103.8,103.1,2003-01,101.5
Food goods,103.8,103.1,2003-02,101.7
Food goods,103.8,103.1,2003-03,101.3
Food goods,103.8,103.1,2003-04,101.3
Food goods,103.8,103.1,2003-05,100.3
Food goods,103.8,103.1,2003-06,101.2
Food goods,103.8,103.1,2003-07,101.1
Food goods,103.8,103.1,2003-08,99.3
Food goods,103.8,103.1,2003-09,100.2
Food goods,103.8,103.1,2003-10,101.2
Food goods,103.8,103.1,2003-11,102.1
Food goods,103.8,103.1,2003-12,101.8
Food goods,103.8,103.1,2004-01,100.4
Food goods,103.8,103.1,2004-02,100.8
Food goods,103.8,103.1,2004-03,100.7
Food goods,103.8,103.1,2004-04,100.3
Food goods,103.8,103.1,2004-05,100
Food goods,103.8,103.1,2004-06,100.4
Food goods,103.8,103.1,2004-07,100.8
Food goods,103.8,103.1,2004-08,100.2
Food goods,103.8,103.1,2004-09,100.7
Food goods,103.8,103.1,2004-10,100.9
Food goods,103.8,103.1,2004-11,100.9
Food goods,103.8,103.1,2004-12,101.1
Food goods,103.8,103.1,2005-01,100.4
Food goods,103.8,103.1,2005-02,100.5
Food goods,103.8,103.1,2005-03,100.3
Food goods,103.8,103.1,2005-04,100
Food goods,103.8,103.1,2005-05,100.1
Food goods,103.8,103.1,2005-06,100.4
Food goods,103.8,103.1,2005-07,100.2
Food goods,103.8,103.1,2005-08,100
Food goods,103.8,103.1,2005-09,100.2
Food goods,103.8,103.1,2005-10,101.2
Food goods,103.8,103.1,2005-11,101.2
Food goods,103.8,103.1,2005-12,101.1
Food goods,103.8,103.1,2006-01,100.32
Food goods,103.8,103.1,2006-02,100.55
Food goods,103.8,103.1,2006-03,100.42
Food goods,103.8,103.1,2006-04,100.45
Food goods,103.8,103.1,2006-05,100.08
Food goods,103.8,103.1,2006-06,99.55
Food goods,103.8,103.1,2006-07,98.76
Food goods,103.8,103.1,2006-08,99.15
Food goods,103.8,103.1,2006-09,99.34
Food goods,103.8,103.1,2006-10,100.05
Food goods,103.8,103.1,2006-11,101.29
Food goods,103.8,103.1,2006-12,101.15
Food goods,103.8,103.1,2007-01,100.28
Food goods,103.8,103.1,2007-02,99.97
Food goods,103.8,103.1,2007-03,99.95
Food goods,103.8,103.1,2007-04,100.49
Food goods,103.8,103.1,2007-05,100.23
Food goods,103.8,103.1,2007-06,100.32
Food goods,103.8,103.1,2007-07,100.56
Food goods,103.8,103.1,2007-08,101.68
Food goods,103.8,103.1,2007-09,101.94
Food goods,103.8,103.1,2007-10,101.3
Food goods,103.8,103.1,2007-11,101.17
Food goods,103.8,103.1,2007-12,100.92
Food goods,103.8,103.1,2008-01,100.8
Food goods,103.8,103.1,2008-02,100.38
Food goods,103.8,103.1,2008-03,100.55
Food goods,103.8,103.1,2008-04,101.05
Food goods,103.8,103.1,2008-05,100.53
Food goods,103.8,103.1,2008-06,100.32
Food goods,103.8,103.1,2008-07,99.32
Food goods,103.8,103.1,2008-08,100.2
Food goods,103.8,103.1,2008-09,100.33
Food goods,103.8,103.1,2008-10,101.14
Food goods,103.8,103.1,2008-11,100.73
Food goods,103.8,103.1,2008-12,100.52
Food goods,103.8,103.1,2009-01,100.71
Food goods,103.8,103.1,2009-02,100.32
Food goods,103.8,103.1,2009-03,100.39
Food goods,103.8,103.1,2009-04,100.03
Food goods,103.8,103.1,2009-05,99.95
Food goods,103.8,103.1,2009-06,99.82
Food goods,103.8,103.1,2009-07,99.5
Food goods,103.8,103.1,2009-08,98.94
Food goods,103.8,103.1,2009-09,99.84
Food goods,103.8,103.1,2009-10,100.15
Food goods,103.8,103.1,2009-11,100.41
Food goods,103.8,103.1,2009-12,100.34
Food goods,103.8,103.1,2010-01,100.43
Food goods,103.8,103.1,2010-02,100.24
Food goods,103.8,103.1,2010-03,100.17
Food goods,103.8,103.1,2010-04,100.02
Food goods,103.8,103.1,2010-05,99.91
Food goods,103.8,103.1,2010-06,99.94
Food goods,103.8,103.1,2010-07,101.92
Food goods,103.8,103.1,2010-08,100.38
Food goods,103.8,103.1,2010-09,100.82
Food goods,103.8,103.1,2010-10,100.82
Food goods,103.8,103.1,2010-11,100.88
Food goods,103.8,103.1,2010-12,100.76
Food goods,103.8,103.1,2011-01,101.14
Food goods,103.8,103.1,2011-02,101.76
Food goods,103.8,103.1,2011-03,101.17
Food goods,103.8,103.1,2011-04,100.92
Food goods,103.8,103.1,2011-05,100.21
Food goods,103.8,103.1,2011-06,98.66
Food goods,103.8,103.1,2011-07,98.05
Food goods,103.8,103.1,2011-08,98.61
Food goods,103.8,103.1,2011-09,98.82
Food goods,103.8,103.1,2011-10,100.81
Food goods,103.8,103.1,2011-11,100.54
Food goods,103.8,103.1,2011-12,100.36
Food goods,103.8,103.1,2012-01,100.32
Food goods,103.8,103.1,2012-02,101.21
Food goods,103.8,103.1,2012-03,100.64
Food goods,103.8,103.1,2012-04,99.89
Food goods,103.8,103.1,2012-05,100.02
Food goods,103.8,103.1,2012-06,99.87
Food goods,103.8,103.1,2012-07,100.14
Food goods,103.8,103.1,2012-08,100.67
Food goods,103.8,103.1,2012-09,102.27
Food goods,103.8,103.1,2012-10,100.09
Food goods,103.8,103.1,2012-11,100.29
Food goods,103.8,103.1,2012-12,100.66
Food goods,103.8,103.1,2013-01,101.24
Food goods,103.8,103.1,2013-02,100.29
Food goods,103.8,103.1,2013-03,99.93
Food goods,103.8,103.1,2013-04,100.02
Food goods,103.8,103.1,2013-05,100.77
Food goods,103.8,103.1,2013-06,99.28
Food goods,103.8,103.1,2013-07,98.38
Food goods,103.8,103.1,2013-08,99.19
Food goods,103.8,103.1,2013-09,98.17
Food goods,103.8,103.1,2013-10,100.48
Food goods,103.8,103.1,2013-11,99.85
Food goods,103.8,103.1,2013-12,100.62
Food goods,103.8,103.1,2014-01,100.86
Food goods,103.8,103.1,2014-02,100.3
Food goods,103.8,103.1,2014-03,99.88
Food goods,103.8,103.1,2014-04,99.94
Food goods,103.8,103.1,2014-05,99.88
Food goods,103.8,103.1,2014-06,99.26
Food goods,103.8,103.1,2014-07,99.7
Food goods,103.8,103.1,2014-08,99.1
Food goods,103.8,103.1,2014-09,100.17
Food goods,103.8,103.1,2014-10,100.55
Food goods,103.8,103.1,2014-11,99.73
Food goods,103.8,103.1,2014-12,100.24
Food goods,103.8,103.1,2015-01,100.57
Food goods,103.8,103.1,2015-02,100.53
Food goods,103.8,103.1,2015-03,100.29
Food goods,103.8,103.1,2015-04,100.33
Food goods,103.8,103.1,2015-05,100.75
Food goods,103.8,103.1,2015-06,91.77
Food goods,103.8,103.1,2015-07,98.83
Food goods,103.8,103.1,2015-08,99.21
Food goods,103.8,103.1,2015-09,100.9
Food goods,103.8,103.1,2015-10,100.5
Food goods,103.8,103.1,2015-11,100.06
Food goods,103.8,103.1,2015-12,100.24
Food goods,103.8,103.1,2016-01,100.47
Food goods,103.8,103.1,2016-02,100.34
Food goods,103.8,103.1,2016-03,99.99
Food goods,103.8,103.1,2016-04,99.63
Food goods,103.8,103.1,2016-05,100.55
Food goods,103.8,103.1,2016-06,99.32
Food goods,103.8,103.1,2016-07,100.04
Food goods,103.8,103.1,2016-08,99.91
Food goods,103.8,103.1,2016-09,99.42
Food goods,103.8,103.1,2016-10,100.53
Food goods,103.8,103.1,2016-11,100.23
Food goods,103.8,103.1,2016-12,100.26
Food goods,103.8,103.1,2017-01,100.91
Food goods,103.8,103.1,2017-02,100.65
Food goods,103.8,103.1,2017-03,100.23
Food goods,103.8,103.1,2017-04,100.19
Food goods,103.8,103.1,2017-05,100.61
Food goods,103.8,103.1,2017-06,99.82
Food goods,103.8,103.1,2017-07,99.61
Food goods,103.8,103.1,2017-08,99.14
Food goods,103.8,103.1,2017-09,100.54
Food goods,103.8,103.1,2017-10,101.3
Food goods,103.8,103.1,2017-11,100.57
Food goods,103.8,103.1,2017-12,100.44
Food goods,103.8,103.1,2018-01,100.64
Food goods,103.8,103.1,2018-02,100.61
Food goods,103.8,103.1,2018-03,100.48
Food goods,103.8,103.1,2018-04,100.18
Food goods,103.8,103.1,2018-05,100.54
Food goods,103.8,103.1,2018-06,99.76
Food goods,103.8,103.1,2018-07,99.2
Food goods,103.8,103.1,2018-08,99.83
Food goods,103.8,103.1,2018-09,100.83
Food goods,103.8,103.1,2018-10,100.61
Food goods,103.8,103.1,2018-11,99.73
Food goods,103.8,103.1,2018-12,100.67
Food goods,103.8,103.1,2019-01,101.3
Food goods,103.8,103.1,2019-02,101.27
Food goods,103.8,103.1,2019-03,100.48
Food goods,103.8,103.1,2019-04,100.68
Food goods,103.8,103.1,2019-05,100.79
Food goods,103.8,103.1,2019-06,99.53
Food goods,103.8,103.1,2019-07,99.34
Food goods,103.8,103.1,2019-08,99.71
Food goods,103.8,103.1,2019-09,99.91
Food goods,103.8,103.1,2019-10,100.7
Food goods,103.8,103.1,2019-11,100.43
Food goods,103.8,103.1,2019-12,100.84
Food goods,103.8,103.1,2020-01,100.99
Food goods,103.8,103.1,2020-02,100.63
Food goods,103.8,103.1,2020-03,101.46
Food goods,103.8,103.1,2020-04,101.27
Food goods,103.8,103.1,2020-05,100.34
Food goods,103.8,103.1,2020-06,99.62
Food goods,103.8,103.1,2020-07,99.55
Food goods,103.8,103.1,2020-08,99.59
Food goods,103.8,103.1,2020-09,99.45
Food goods,103.8,103.1,2020-10,100.11
Food goods,103.8,103.1,2020-11,99.92
Food goods,103.8,103.1,2020-12,100.29
Food goods,103.8,103.1,2021-01,100.63
Food goods,103.8,103.1,2021-02,100.46
Food goods,103.8,103.1,2021-03,100.37
Food goods,103.8,103.1,2021-04,100.45
Food goods,103.8,103.1,2021-05,101.1
Food goods,103.8,103.1,2021-06,100.25
Food goods,103.8,103.1,2021-07,99.71
Food goods,103.8,103.1,2021-08,99.95
Food goods,103.8,103.1,2021-09,100.95
Food goods,103.8,103.1,2021-10,101.06
Food goods,103.8,103.1,2021-11,100.73
Food goods,103.8,103.1,2021-12,100.84
Food goods,103.8,103.1,2022-01,101.15
Food goods,103.8,103.1,2022-02,101.96
Food goods,103.8,103.1,2022-03,102.54
Food goods,103.8,103.1,2022-04,102.56
Food goods,103.8,103.1,2022-05,101.73
Food goods,103.8,103.1,2022-06,100.62
Food goods,103.8,103.1,2022-07,100.92
Food goods,103.8,103.1,2022-08,101.82
Food goods,103.8,103.1,2022-09,101.72
Food goods,103.8,103.1,2022-10,102.29
Food goods,103.8,103.1,2022-11,101.54
Food goods,103.8,103.1,2022-12,101.26
Food goods,103.8,103.1,2023-01,101.5
Food goods,103.8,103.1,2023-02,101.85
Food goods,103.8,103.1,2023-03,101.89
Food goods,103.8,103.1,2023-04,101.1
Food goods,103.8,103.1,2023-05,100.8
Food goods,103.8,103.1,2023-06,99.9
Food goods,103.8,103.1,2023-07,99.51
Food goods,103.8,103.1,2023-08,98.01
Food goods,103.8,103.1,2023-09,100.33
Food goods,103.8,103.1,2023-10,100.71
Food goods,103.8,103.1,2023-11,99.84
Food goods,103.8,103.1,2023-12,100.29
Food goods,103.8,103.1,2024-01,101.34
Food goods,103.8,103.1,2024-02,100.73
Food goods,103.8,103.1,2024-03,100.25
Food goods,103.8,103.1,2024-04,100.37
Food goods,103.8,103.1,2024-05,99.98
Food goods,103.8,103.1,2024-06,99.76
Food goods,103.8,103.1,2024-07,100.11
Food goods,103.8,103.1,2024-08,100.45
Non-food goods,102.2,101.3,2001-03,101.8
Non-food goods,102.2,101.3,2001-04,102.4
Non-food goods,102.2,101.3,2001-05,101.8
Non-food goods,102.2,101.3,2001-06,101.2
Non-food goods,102.2,101.3,2001-07,102
Non-food goods,102.2,101.3,2001-08,103.9
Non-food goods,102.2,101.3,2001-09,102.3
Non-food goods,102.2,101.3,2001-10,102.6
Non-food goods,102.2,101.3,2001-11,104.8
Non-food goods,102.2,101.3,2001-12,101.4
Non-food goods,102.2,101.3,2002-01,102.4
Non-food goods,102.2,101.3,2002-02,101.6
Non-food goods,102.2,101.3,2002-03,100
Non-food goods,102.2,101.3,2002-04,101.6
Non-food goods,102.2,101.3,2002-05,101.4
Non-food goods,102.2,101.3,2002-06,100.8
Non-food goods,102.2,101.3,2002-07,101.5
Non-food goods,102.2,101.3,2002-08,101
Non-food goods,102.2,101.3,2002-09,101.1
Non-food goods,102.2,101.3,2002-10,102.4
Non-food goods,102.2,101.3,2002-11,103
Non-food goods,102.2,101.3,2002-12,100.7
Non-food goods,102.2,101.3,2003-01,101.1
Non-food goods,102.2,101.3,2003-02,100.8
Non-food goods,102.2,101.3,2003-03,101
Non-food goods,102.2,101.3,2003-04,100.6
Non-food goods,102.2,101.3,2003-05,100.7
Non-food goods,102.2,101.3,2003-06,100.6
Non-food goods,102.2,101.3,2003-07,101.5
Non-food goods,102.2,101.3,2003-08,100.6
Non-food goods,102.2,101.3,2003-09,104.5
Non-food goods,102.2,101.3,2003-10,101
Non-food goods,102.2,101.3,2003-11,100.7
Non-food goods,102.2,101.3,2003-12,100.5
Non-food goods,102.2,101.3,2004-01,101.8
Non-food goods,102.2,101.3,2004-02,100.5
Non-food goods,102.2,101.3,2004-03,100.3
Non-food goods,102.2,101.3,2004-04,100.7
Non-food goods,102.2,101.3,2004-05,100.5
Non-food goods,102.2,101.3,2004-06,100.6
Non-food goods,102.2,101.3,2004-07,102.1
Non-food goods,102.2,101.3,2004-08,100.6
Non-food goods,102.2,101.3,2004-09,101
Non-food goods,102.2,101.3,2004-10,101.5
Non-food goods,102.2,101.3,2004-11,101
Non-food goods,102.2,101.3,2004-12,100.4
Non-food goods,102.2,101.3,2005-01,101.3
Non-food goods,102.2,101.3,2005-02,100
Non-food goods,102.2,101.3,2005-03,100.3
Non-food goods,102.2,101.3,2005-04,103.6
Non-food goods,102.2,101.3,2005-05,100.2
Non-food goods,102.2,101.3,2005-06,99.9
Non-food goods,102.2,101.3,2005-07,101.7
Non-food goods,102.2,101.3,2005-08,100.3
Non-food goods,102.2,101.3,2005-09,100.7
Non-food goods,102.2,101.3,2005-10,100
Non-food goods,102.2,101.3,2005-11,101.2
Non-food goods,102.2,101.3,2005-12,100.2
Non-food goods,102.2,101.3,2006-01,101.88
Non-food goods,102.2,101.3,2006-02,100.16
Non-food goods,102.2,101.3,2006-03,100.11
Non-food goods,102.2,101.3,2006-04,100.38
Non-food goods,102.2,101.3,2006-05,101.2
Non-food goods,102.2,101.3,2006-06,100.45
Non-food goods,102.2,101.3,2006-07,101.15
Non-food goods,102.2,101.3,2006-08,100.31
Non-food goods,102.2,101.3,2006-09,100.24
Non-food goods,102.2,101.3,2006-10,100.07
Non-food goods,102.2,101.3,2006-11,101.23
Non-food goods,102.2,101.3,2006-12,100.87
Non-food goods,102.2,101.3,2007-01,99.8
Non-food goods,102.2,101.3,2007-02,99.97
Non-food goods,102.2,101.3,2007-03,100.13
Non-food goods,102.2,101.3,2007-04,100.84
Non-food goods,102.2,101.3,2007-05,100.33
Non-food goods,102.2,101.3,2007-06,100.08
Non-food goods,102.2,101.3,2007-07,100.44
Non-food goods,102.2,101.3,2007-08,100.08
Non-food goods,102.2,101.3,2007-09,100.19
Non-food goods,102.2,101.3,2007-10,100.69
Non-food goods,102.2,101.3,2007-11,100.61
Non-food goods,102.2,101.3,2007-12,100.39
Non-food goods,102.2,101.3,2008-01,100.37
Non-food goods,102.2,101.3,2008-02,101.08
Non-food goods,102.2,101.3,2008-03,100.67
Non-food goods,102.2,101.3,2008-04,100.46
Non-food goods,102.2,101.3,2008-05,100.47
Non-food goods,102.2,101.3,2008-06,100.28
Non-food goods,102.2,101.3,2008-07,102.31
Non-food goods,102.2,101.3,2008-08,100
Non-food goods,102.2,101.3,2008-09,100.19
Non-food goods,102.2,101.3,2008-10,100.52
Non-food goods,102.2,101.3,2008-11,99.95
Non-food goods,102.2,101.3,2008-12,99.53
Non-food goods,102.2,101.3,2009-01,100.83
Non-food goods,102.2,101.3,2009-02,101.31
Non-food goods,102.2,101.3,2009-03,100.68
Non-food goods,102.2,101.3,2009-04,100.81
Non-food goods,102.2,101.3,2009-05,100.03
Non-food goods,102.2,101.3,2009-06,100.42
Non-food goods,102.2,101.3,2009-07,100.14
Non-food goods,102.2,101.3,2009-08,100.34
Non-food goods,102.2,101.3,2009-09,100.79
Non-food goods,102.2,101.3,2009-10,100.46
Non-food goods,102.2,101.3,2009-11,101.11
Non-food goods,102.2,101.3,2009-12,100.54
Non-food goods,102.2,101.3,2010-01,103.2
Non-food goods,102.2,101.3,2010-02,100.24
Non-food goods,102.2,101.3,2010-03,100.38
Non-food goods,102.2,101.3,2010-04,100.56
Non-food goods,102.2,101.3,2010-05,100.2
Non-food goods,102.2,101.3,2010-06,100.16
Non-food goods,102.2,101.3,2010-07,103.08
Non-food goods,102.2,101.3,2010-08,100.04
Non-food goods,102.2,101.3,2010-09,100.34
Non-food goods,102.2,101.3,2010-10,100.29
Non-food goods,102.2,101.3,2010-11,100.38
Non-food goods,102.2,101.3,2010-12,100.55
Non-food goods,102.2,101.3,2011-01,100.83
Non-food goods,102.2,101.3,2011-02,100.27
Non-food goods,102.2,101.3,2011-03,100.51
Non-food goods,102.2,101.3,2011-04,100.87
Non-food goods,102.2,101.3,2011-05,100.16
Non-food goods,102.2,101.3,2011-06,100.19
Non-food goods,102.2,101.3,2011-07,100.44
Non-food goods,102.2,101.3,2011-08,100.02
Non-food goods,102.2,101.3,2011-09,100.24
Non-food goods,102.2,101.3,2011-10,100.46
Non-food goods,102.2,101.3,2011-11,100.24
Non-food goods,102.2,101.3,2011-12,100.13
Non-food goods,102.2,101.3,2012-01,100.4
Non-food goods,102.2,101.3,2012-02,100.4
Non-food goods,102.2,101.3,2012-03,100.32
Non-food goods,102.2,101.3,2012-04,100.17
Non-food goods,102.2,101.3,2012-05,100.21
Non-food goods,102.2,101.3,2012-06,99.9
Non-food goods,102.2,101.3,2012-07,100.84
Non-food goods,102.2,101.3,2012-08,100.54
Non-food goods,102.2,101.3,2012-09,100.62
Non-food goods,102.2,101.3,2012-10,100.21
Non-food goods,102.2,101.3,2012-11,99.9
Non-food goods,102.2,101.3,2012-12,100.89
Non-food goods,102.2,101.3,2013-01,102.04
Non-food goods,102.2,101.3,2013-02,100.42
Non-food goods,102.2,101.3,2013-03,99.93
Non-food goods,102.2,101.3,2013-04,100.17
Non-food goods,102.2,101.3,2013-05,99.88
Non-food goods,102.2,101.3,2013-06,100.26
Non-food goods,102.2,101.3,2013-07,100.48
Non-food goods,102.2,101.3,2013-08,100.09
Non-food goods,102.2,101.3,2013-09,100.04
Non-food goods,102.2,101.3,2013-10,100.06
Non-food goods,102.2,101.3,2013-11,100.06
Non-food goods,102.2,101.3,2013-12,100.15
Non-food goods,102.2,101.3,2014-01,100.92
Non-food goods,102.2,101.3,2014-02,100.3
Non-food goods,102.2,101.3,2014-03,100.1
Non-food goods,102.2,101.3,2014-04,100.67
Non-food goods,102.2,101.3,2014-05,100.05
Non-food goods,102.2,101.3,2014-06,100.08
Non-food goods,102.2,101.3,2014-07,99.99
Non-food goods,102.2,101.3,2014-08,99.94
Non-food goods,102.2,101.3,2014-09,100.07
Non-food goods,102.2,101.3,2014-10,99.92
Non-food goods,102.2,101.3,2014-11,99.73
Non-food goods,102.2,101.3,2014-12,99.49
Non-food goods,102.2,101.3,2015-01,100.23
Non-food goods,102.2,101.3,2015-02,100.39
Non-food goods,102.2,101.3,2015-03,100.62
Non-food goods,102.2,101.3,2015-04,99.99
Non-food goods,102.2,101.3,2015-05,100.32
Non-food goods,102.2,101.3,2015-06,100.08
Non-food goods,102.2,101.3,2015-07,100.48
Non-food goods,102.2,101.3,2015-08,99.46
Non-food goods,102.2,101.3,2015-09,99.85
Non-food goods,102.2,101.3,2015-10,100.13
Non-food goods,102.2,101.3,2015-11,100.5
Non-food goods,102.2,101.3,2015-12,99.89
Non-food goods,102.2,101.3,2016-01,98.44
Non-food goods,102.2,101.3,2016-02,99.73
Non-food goods,102.2,101.3,2016-03,100.23
Non-food goods,102.2,101.3,2016-04,99.9
Non-food goods,102.2,101.3,2016-05,100.09
Non-food goods,102.2,101.3,2016-06,100.09
Non-food goods,102.2,101.3,2016-07,99.48
Non-food goods,102.2,101.3,2016-08,100.26
Non-food goods,102.2,101.3,2016-09,100.21
Non-food goods,102.2,101.3,2016-10,100.39
Non-food goods,102.2,101.3,2016-11,100.02
Non-food goods,102.2,101.3,2016-12,100.3
Non-food goods,102.2,101.3,2017-01,99.07
Non-food goods,102.2,101.3,2017-02,100.08
Non-food goods,102.2,101.3,2017-03,99.87
Non-food goods,102.2,101.3,2017-04,100.4
Non-food goods,102.2,101.3,2017-05,100.07
Non-food goods,102.2,101.3,2017-06,100.07
Non-food goods,102.2,101.3,2017-07,100.93
Non-food goods,102.2,101.3,2017-08,100.14
Non-food goods,102.2,101.3,2017-09,100.54
Non-food goods,102.2,101.3,2017-10,101.74
Non-food goods,102.2,101.3,2017-11,100.86
Non-food goods,102.2,101.3,2017-12,100.28
Non-food goods,102.2,101.3,2018-01,101.08
Non-food goods,102.2,101.3,2018-02,100.13
Non-food goods,102.2,101.3,2018-03,100.15
Non-food goods,102.2,101.3,2018-04,101
Non-food goods,102.2,101.3,2018-05,100.58
Non-food goods,102.2,101.3,2018-06,100.14
Non-food goods,102.2,101.3,2018-07,99.45
Non-food goods,102.2,101.3,2018-08,100.66
Non-food goods,102.2,101.3,2018-09,100.32
Non-food goods,102.2,101.3,2018-10,100.52
Non-food goods,102.2,101.3,2018-11,99.87
Non-food goods,102.2,101.3,2018-12,99.82
Non-food goods,102.2,101.3,2019-01,100.63
Non-food goods,102.2,101.3,2019-02,100.57
Non-food goods,102.2,101.3,2019-03,100.54
Non-food goods,102.2,101.3,2019-04,100.53
Non-food goods,102.2,101.3,2019-05,100.2
Non-food goods,102.2,101.3,2019-06,99.76
Non-food goods,102.2,101.3,2019-07,99.98
Non-food goods,102.2,101.3,2019-08,100.22
Non-food goods,102.2,101.3,2019-09,100.13
Non-food goods,102.2,101.3,2019-10,100.32
Non-food goods,102.2,101.3,2019-11,100.12
Non-food goods,102.2,101.3,2019-12,100.28
Non-food goods,102.2,101.3,2020-01,100.02
Non-food goods,102.2,101.3,2020-02,99.94
Non-food goods,102.2,101.3,2020-03,99.91
Non-food goods,102.2,101.3,2020-04,99.67
Non-food goods,102.2,101.3,2020-05,99.82
Non-food goods,102.2,101.3,2020-06,100.28
Non-food goods,102.2,101.3,2020-07,100.19
Non-food goods,102.2,101.3,2020-08,100.08
Non-food goods,102.2,101.3,2020-09,99.99
Non-food goods,102.2,101.3,2020-10,100.31
Non-food goods,102.2,101.3,2020-11,100.29
Non-food goods,102.2,101.3,2020-12,100.51
Non-food goods,102.2,101.3,2021-01,102.24
Non-food goods,102.2,101.3,2021-02,100.47
Non-food goods,102.2,101.3,2021-03,100.46
Non-food goods,102.2,101.3,2021-04,100.47
Non-food goods,102.2,101.3,2021-05,100.28
Non-food goods,102.2,101.3,2021-06,100.29
Non-food goods,102.2,101.3,2021-07,102.02
Non-food goods,102.2,101.3,2021-08,100.34
Non-food goods,102.2,101.3,2021-09,100.73
Non-food goods,102.2,101.3,2021-10,102.78
Non-food goods,102.2,101.3,2021-11,99.47
Non-food goods,102.2,101.3,2021-12,100.74
Non-food goods,102.2,101.3,2022-01,101.73
Non-food goods,102.2,101.3,2022-02,99.7
Non-food goods,102.2,101.3,2022-03,101.86
Non-food goods,102.2,101.3,2022-04,105.45
Non-food goods,102.2,101.3,2022-05,101
Non-food goods,102.2,101.3,2022-06,100.92
Non-food goods,102.2,101.3,2022-07,100.87
Non-food goods,102.2,101.3,2022-08,99.81
Non-food goods,102.2,101.3,2022-09,101.28
Non-food goods,102.2,101.3,2022-10,100.8
Non-food goods,102.2,101.3,2022-11,101.03
Non-food goods,102.2,101.3,2022-12,99.68
Non-food goods,102.2,101.3,2023-01,99.01
Non-food goods,102.2,101.3,2023-02,100.45
Non-food goods,102.2,101.3,2023-03,100.35
Non-food goods,102.2,101.3,2023-04,100.48
Non-food goods,102.2,101.3,2023-05,100.36
Non-food goods,102.2,101.3,2023-06,100.62
Non-food goods,102.2,101.3,2023-07,100.3
Non-food goods,102.2,101.3,2023-08,102.43
Non-food goods,102.2,101.3,2023-09,101
Non-food goods,102.2,101.3,2023-10,100.39
Non-food goods,102.2,101.3,2023-11,99.93
Non-food goods,102.2,101.3,2023-12,100.09
Non-food goods,102.2,101.3,2024-01,100.74
Non-food goods,102.2,101.3,2024-02,100.89
Non-food goods,102.2,101.3,2024-03,100.57
Non-food goods,102.2,101.3,2024-04,99.65
Non-food goods,102.2,101.3,2024-05,99.63
Non-food goods,102.2,101.3,2024-06,100.52
Non-food goods,102.2,101.3,2024-07,100.9
Non-food goods,102.2,101.3,2024-08,99.97
Services,107,102.4,2001-03,101.4
Services,107,102.4,2001-04,101.5
Services,107,102.4,2001-05,101.4
Services,107,102.4,2001-06,101.4
Services,107,102.4,2001-07,102.8
Services,107,102.4,2001-08,102.5
Services,107,102.4,2001-09,102.5
Services,107,102.4,2001-10,103.7
Services,107,102.4,2001-11,101.9
Services,107,102.4,2001-12,102.9
Services,107,102.4,2002-01,101.7
Services,107,102.4,2002-02,101.4
Services,107,102.4,2002-03,101.1
Services,107,102.4,2002-04,102.5
Services,107,102.4,2002-05,101.8
Services,107,102.4,2002-06,101.3
Services,107,102.4,2002-07,102
Services,107,102.4,2002-08,102
Services,107,102.4,2002-09,100.9
Services,107,102.4,2002-10,101.6
Services,107,102.4,2002-11,102.5
Services,107,102.4,2002-12,100.5
Services,107,102.4,2003-01,101.1
Services,107,102.4,2003-02,98.7
Services,107,102.4,2003-03,100.8
Services,107,102.4,2003-04,101.6
Services,107,102.4,2003-05,100.7
Services,107,102.4,2003-06,100.5
Services,107,102.4,2003-07,100.6
Services,107,102.4,2003-08,102.1
Services,107,102.4,2003-09,101.4
Services,107,102.4,2003-10,103.9
Services,107,102.4,2003-11,101.6
Services,107,102.4,2003-12,101.1
Services,107,102.4,2004-01,101.2
Services,107,102.4,2004-02,100.5
Services,107,102.4,2004-03,100.5
Services,107,102.4,2004-04,101
Services,107,102.4,2004-05,100.6
Services,107,102.4,2004-06,101.2
Services,107,102.4,2004-07,100.3
Services,107,102.4,2004-08,101.4
Services,107,102.4,2004-09,101.4
Services,107,102.4,2004-10,101.4
Services,107,102.4,2004-11,99.3
Services,107,102.4,2004-12,99.6
Services,107,102.4,2005-01,100.6
Services,107,102.4,2005-02,102.5
Services,107,102.4,2005-03,100.2
Services,107,102.4,2005-04,101.5
Services,107,102.4,2005-05,101
Services,107,102.4,2005-06,101
Services,107,102.4,2005-07,100.7
Services,107,102.4,2005-08,100
Services,107,102.4,2005-09,101.2
Services,107,102.4,2005-10,102.2
Services,107,102.4,2005-11,101.2
Services,107,102.4,2005-12,100.3
Services,107,102.4,2006-01,100.59
Services,107,102.4,2006-02,99.71
Services,107,102.4,2006-03,99.96
Services,107,102.4,2006-04,100.42
Services,107,102.4,2006-05,100.32
Services,107,102.4,2006-06,100.81
Services,107,102.4,2006-07,100.55
Services,107,102.4,2006-08,100.73
Services,107,102.4,2006-09,101.18
Services,107,102.4,2006-10,100.92
Services,107,102.4,2006-11,100.3
Services,107,102.4,2006-12,99.53
Services,107,102.4,2007-01,101.04
Services,107,102.4,2007-02,100.38
Services,107,102.4,2007-03,100.16
Services,107,102.4,2007-04,99.8
Services,107,102.4,2007-05,102.31
Services,107,102.4,2007-06,99.91
Services,107,102.4,2007-07,99.33
Services,107,102.4,2007-08,101.06
Services,107,102.4,2007-09,101.42
Services,107,102.4,2007-10,100.98
Services,107,102.4,2007-11,101.21
Services,107,102.4,2007-12,100.67
Services,107,102.4,2008-01,102.12
Services,107,102.4,2008-02,100.51
Services,107,102.4,2008-03,100.92
Services,107,102.4,2008-04,99.56
Services,107,102.4,2008-05,100.45
Services,107,102.4,2008-06,100.19
Services,107,102.4,2008-07,99.7
Services,107,102.4,2008-08,99.1
Services,107,102.4,2008-09,101.05
Services,107,102.4,2008-10,102.23
Services,107,102.4,2008-11,100.38
Services,107,102.4,2008-12,101.3
Services,107,102.4,2009-01,103.27
Services,107,102.4,2009-02,101.03
Services,107,102.4,2009-03,100.33
Services,107,102.4,2009-04,99.55
Services,107,102.4,2009-05,100.11
Services,107,102.4,2009-06,100.43
Services,107,102.4,2009-07,100.32
Services,107,102.4,2009-08,100.32
Services,107,102.4,2009-09,100.51
Services,107,102.4,2009-10,100.94
Services,107,102.4,2009-11,100.14
Services,107,102.4,2009-12,99.75
Services,107,102.4,2010-01,100.36
Services,107,102.4,2010-02,100
Services,107,102.4,2010-03,99.91
Services,107,102.4,2010-04,100.47
Services,107,102.4,2010-05,100.47
Services,107,102.4,2010-06,100.57
Services,107,102.4,2010-07,102.55
Services,107,102.4,2010-08,100.41
Services,107,102.4,2010-09,100.62
Services,107,102.4,2010-10,100.67
Services,107,102.4,2010-11,100.2
Services,107,102.4,2010-12,100.04
Services,107,102.4,2011-01,99.89
Services,107,102.4,2011-02,100.03
Services,107,102.4,2011-03,99.66
Services,107,102.4,2011-04,99.58
Services,107,102.4,2011-05,100.36
Services,107,102.4,2011-06,100.68
Services,107,102.4,2011-07,100.91
Services,107,102.4,2011-08,100.83
Services,107,102.4,2011-09,100.56
Services,107,102.4,2011-10,100.77
Services,107,102.4,2011-11,100.63
Services,107,102.4,2011-12,100.26
Services,107,102.4,2012-01,100.37
Services,107,102.4,2012-02,100.13
Services,107,102.4,2012-03,100.2
Services,107,102.4,2012-04,100.17
Services,107,102.4,2012-05,100.53
Services,107,102.4,2012-06,100.27
Services,107,102.4,2012-07,100.84
Services,107,102.4,2012-08,100.12
Services,107,102.4,2012-09,100.41
Services,107,102.4,2012-10,100.87
Services,107,102.4,2012-11,99.86
Services,107,102.4,2012-12,99.81
Services,107,102.4,2013-01,99.87
Services,107,102.4,2013-02,100.22
Services,107,102.4,2013-03,100.52
Services,107,102.4,2013-04,100.13
Services,107,102.4,2013-05,99.97
Services,107,102.4,2013-06,100.88
Services,107,102.4,2013-07,100.28
Services,107,102.4,2013-08,100.31
Services,107,102.4,2013-09,100.44
Services,107,102.4,2013-10,100.46
Services,107,102.4,2013-11,100.1
Services,107,102.4,2013-12,100.2
Services,107,102.4,2014-01,100.66
Services,107,102.4,2014-02,100.47
Services,107,102.4,2014-03,100.13
Services,107,102.4,2014-04,99.95
Services,107,102.4,2014-05,99.92
Services,107,102.4,2014-06,99.82
Services,107,102.4,2014-07,100.36
Services,107,102.4,2014-08,100.22
Services,107,102.4,2014-09,100.14
Services,107,102.4,2014-10,100.16
Services,107,102.4,2014-11,100.16
Services,107,102.4,2014-12,100.25
Services,107,102.4,2015-01,100.61
Services,107,102.4,2015-02,99.81
Services,107,102.4,2015-03,100.15
Services,107,102.4,2015-04,100.07
Services,107,102.4,2015-05,100.31
Services,107,102.4,2015-06,100.22
Services,107,102.4,2015-07,100.09
Services,107,102.4,2015-08,100.02
Services,107,102.4,2015-09,100.13
Services,107,102.4,2015-10,100.27
Services,107,102.4,2015-11,100.31
Services,107,102.4,2015-12,100.4
Services,107,102.4,2016-01,98.88
Services,107,102.4,2016-02,98.86
Services,107,102.4,2016-03,99.99
Services,107,102.4,2016-04,100.11
Services,107,102.4,2016-05,100.11
Services,107,102.4,2016-06,100.1
Services,107,102.4,2016-07,99.9
Services,107,102.4,2016-08,99.91
Services,107,102.4,2016-09,99.99
Services,107,102.4,2016-10,100.33
Services,107,102.4,2016-11,99.91
Services,107,102.4,2016-12,100.08
Services,107,102.4,2017-01,99.63
Services,107,102.4,2017-02,98.22
Services,107,102.4,2017-03,100.32
Services,107,102.4,2017-04,100.15
Services,107,102.4,2017-05,100.21
Services,107,102.4,2017-06,100.33
Services,107,102.4,2017-07,100.14
Services,107,102.4,2017-08,100.2
Services,107,102.4,2017-09,100.32
Services,107,102.4,2017-10,100.16
Services,107,102.4,2017-11,100.33
Services,107,102.4,2017-12,100.21
Services,107,102.4,2018-01,100.32
Services,107,102.4,2018-02,100.18
Services,107,102.4,2018-03,100.3
Services,107,102.4,2018-04,100.09
Services,107,102.4,2018-05,100.1
Services,107,102.4,2018-06,100.2
Services,107,102.4,2018-07,100.24
Services,107,102.4,2018-08,100.13
Services,107,102.4,2018-09,100.26
Services,107,102.4,2018-10,100.35
Services,107,102.4,2018-11,100.11
Services,107,102.4,2018-12,100.15
Services,107,102.4,2019-01,100.57
Services,107,102.4,2019-02,100.55
Services,107,102.4,2019-03,100.4
Services,107,102.4,2019-04,100.72
Services,107,102.4,2019-05,100.55
Services,107,102.4,2019-06,100.17
Services,107,102.4,2019-07,100.1
Services,107,102.4,2019-08,100.25
Services,107,102.4,2019-09,100.27
Services,107,102.4,2019-10,100.25
Services,107,102.4,2019-11,100.15
Services,107,102.4,2019-12,100.12
Services,107,102.4,2020-01,100.43
Services,107,102.4,2020-02,100.39
Services,107,102.4,2020-03,100.35
Services,107,102.4,2020-04,100
Services,107,102.4,2020-05,100.11
Services,107,102.4,2020-06,100.34
Services,107,102.4,2020-07,100.31
Services,107,102.4,2020-08,100.21
Services,107,102.4,2020-09,100.2
Services,107,102.4,2020-10,100.22
Services,107,102.4,2020-11,100.07
Services,107,102.4,2020-12,100.04
Services,107,102.4,2021-01,100.25
Services,107,102.4,2021-02,100.2
Services,107,102.4,2021-03,100.24
Services,107,102.4,2021-04,100.4
Services,107,102.4,2021-05,100.27
Services,107,102.4,2021-06,100.23
Services,107,102.4,2021-07,100.39
Services,107,102.4,2021-08,100.43
Services,107,102.4,2021-09,100.96
Services,107,102.4,2021-10,100.42
Services,107,102.4,2021-11,100.2
Services,107,102.4,2021-12,100.42
Services,107,102.4,2022-01,101.37
Services,107,102.4,2022-02,100.6
Services,107,102.4,2022-03,100.67
Services,107,102.4,2022-04,100.94
Services,107,102.4,2022-05,100.61
Services,107,102.4,2022-06,100.54
Services,107,102.4,2022-07,100.88
Services,107,102.4,2022-08,100.37
Services,107,102.4,2022-09,100.72
Services,107,102.4,2022-10,100.7
Services,107,102.4,2022-11,101.31
Services,107,102.4,2022-12,100.67
Services,107,102.4,2023-01,101.82
Services,107,102.4,2023-02,100.7
Services,107,102.4,2023-03,101.08
Services,107,102.4,2023-04,100.77
Services,107,102.4,2023-05,101.08
Services,107,102.4,2023-06,100.84
Services,107,102.4,2023-07,101.01
Services,107,102.4,2023-08,100.44
Services,107,102.4,2023-09,101.06
Services,107,102.4,2023-10,100.79
Services,107,102.4,2023-11,100.39
Services,107,102.4,2023-12,100.7
Services,107,102.4,2024-01,101.55
Services,107,102.4,2024-02,100.78
Services,107,102.4,2024-03,100.35
Services,107,102.4,2024-04,100.63
Services,107,102.4,2024-05,100.38
Services,107,102.4,2024-06,100.4
Services,107,102.4,2024-07,100.74
Services,107,102.4,2024-08,100.51