"Data","Simbol","*Valoare (RON)*","","","Variatie %","Variatie","Date"
"Fri Aug 21 2026 02:00:00 GMT+0300 (Eastern European Summer Time)","1 EUR","52581","","","+0,0876 %","+0,0046","Fri Aug 21 2026 02:00:00 GMT+0300 (Eastern European Summer Time)"
"Thu Aug 20 2026 02:00:00 GMT+0300 (Eastern European Summer Time)","1 EUR","52535","","","+0,1582 %","+0,0083","Thu Aug 20 2026 02:00:00 GMT+0300 (Eastern European Summer Time)"
"Wed Aug 19 2026 02:00:00 GMT+0300 (Eastern European Summer Time)","1 EUR","52452","","","+0,0191 %","+0,0010","Wed Aug 19 2026 02:00:00 GMT+0300 (Eastern European Summer Time)"
"Tue Aug 18 2026 02:00:00 GMT+0300 (Eastern European Summer Time)","1 EUR","52442","","","+0,0439 %","+0,0023","Tue Aug 18 2026 02:00:00 GMT+0300 (Eastern European Summer Time)"
"Mon Aug 17 2026 02:00:00 GMT+0300 (Eastern European Summer Time)","1 EUR","52419","","","-0,0324 %","-17","Mon Aug 17 2026 02:00:00 GMT+0300 (Eastern European Summer Time)"
"Fri Aug 14 2026 02:00:00 GMT+0300 (Eastern European Summer Time)","1 EUR","52436","","","+0,0019 %","+0,0001","Fri Aug 14 2026 02:00:00 GMT+0300 (Eastern European Summer Time)"
"Thu Aug 13 2026 02:00:00 GMT+0300 (Eastern European Summer Time)","1 EUR","52435","","","+0,0572 %","+0,0030","Thu Aug 13 2026 02:00:00 GMT+0300 (Eastern European Summer Time)"
"Wed Aug 12 2026 02:00:00 GMT+0300 (Eastern European Summer Time)","1 EUR","52405","","","-0,0362 %","-19","Wed Aug 12 2026 02:00:00 GMT+0300 (Eastern European Summer Time)"
"Tue Aug 11 2026 02:00:00 GMT+0300 (Eastern European Summer Time)","1 EUR","52424","","","+0,0534 %","+0,0028","Tue Aug 11 2026 02:00:00 GMT+0300 (Eastern European Summer Time)"
"Mon Aug 10 2026 02:00:00 GMT+0300 (Eastern European Summer Time)","1 EUR","52396","","","-0,3006 %","-158","Mon Aug 10 2026 02:00:00 GMT+0300 (Eastern European Summer Time)"
"Fri Aug 07 2026 02:00:00 GMT+0300 (Eastern European Summer Time)","1 EUR","52554","","","+0,0781 %","+0,0041","Fri Aug 07 2026 02:00:00 GMT+0300 (Eastern European Summer Time)"
"Thu Aug 06 2026 02:00:00 GMT+0300 (Eastern European Summer Time)","1 EUR","52513","","","+0,0457 %","+0,0024","Thu Aug 06 2026 02:00:00 GMT+0300 (Eastern European Summer Time)"
"Wed Aug 05 2026 02:00:00 GMT+0300 (Eastern European Summer Time)","1 EUR","52489","","","-0,0152 %","-8","Wed Aug 05 2026 02:00:00 GMT+0300 (Eastern European Summer Time)"
"Tue Aug 04 2026 02:00:00 GMT+0300 (Eastern European Summer Time)","1 EUR","52497","","","+0,0705 %","+0,0037","Tue Aug 04 2026 02:00:00 GMT+0300 (Eastern European Summer Time)"
"Mon Aug 03 2026 02:00:00 GMT+0300 (Eastern European Summer Time)","1 EUR","52460","","","-0,0248 %","-13","Mon Aug 03 2026 02:00:00 GMT+0300 (Eastern European Summer Time)"
"31 Iul 2026","1 EUR","52473","","","+0,0648 %","+0,0034","Fri Jul 31 2026 02:00:00 GMT+0300 (Eastern European Summer Time)"
"30 Iul 2026","1 EUR","52439","","","+0,1949 %","+0,0102","Thu Jul 30 2026 02:00:00 GMT+0300 (Eastern European Summer Time)"
"29 Iul 2026","1 EUR","52337","","","+0,0516 %","+0,0027","Wed Jul 29 2026 02:00:00 GMT+0300 (Eastern European Summer Time)"
"28 Iul 2026","1 EUR","52310","","","-0,0325 %","-17","Tue Jul 28 2026 02:00:00 GMT+0300 (Eastern European Summer Time)"
"27 Iul 2026","1 EUR","52327","","","-0,0401 %","-21","Mon Jul 27 2026 02:00:00 GMT+0300 (Eastern European Summer Time)"
"24 Iul 2026","1 EUR","52348","","","-0,0153 %","-8","Fri Jul 24 2026 02:00:00 GMT+0300 (Eastern European Summer Time)"
"23 Iul 2026","1 EUR","52356","","","-0,0630 %","-33","Thu Jul 23 2026 02:00:00 GMT+0300 (Eastern European Summer Time)"
"22 Iul 2026","1 EUR","52389","","","+0,0095 %","+0,0005","Wed Jul 22 2026 02:00:00 GMT+0300 (Eastern European Summer Time)"
"21 Iul 2026","1 EUR","52384","","","-0,0706 %","-37","Tue Jul 21 2026 02:00:00 GMT+0300 (Eastern European Summer Time)"
"20 Iul 2026","1 EUR","52421","","","-0,0153 %","-8","Mon Jul 20 2026 02:00:00 GMT+0300 (Eastern European Summer Time)"
"17 Iul 2026","1 EUR","52429","","","+0,0286 %","+0,0015","Fri Jul 17 2026 02:00:00 GMT+0300 (Eastern European Summer Time)"
"16 Iul 2026","1 EUR","52414","","","+0,0057 %","+0,0003","Thu Jul 16 2026 02:00:00 GMT+0300 (Eastern European Summer Time)"
"15 Iul 2026","1 EUR","52411","","","-0,0858 %","-45","Wed Jul 15 2026 02:00:00 GMT+0300 (Eastern European Summer Time)"
"14 Iul 2026","1 EUR","52456","","","+0,2235 %","+0,0117","Tue Jul 14 2026 02:00:00 GMT+0300 (Eastern European Summer Time)"
"13 Iul 2026","1 EUR","52339","","","+0,0038 %","+0,0002","Mon Jul 13 2026 02:00:00 GMT+0300 (Eastern European Summer Time)"
"10 Iul 2026","1 EUR","52337","","","-0,0497 %","-26","Fri Jul 10 2026 02:00:00 GMT+0300 (Eastern European Summer Time)"
"09 Iul 2026","1 EUR","52363","","","+0,0344 %","+0,0018","Thu Jul 09 2026 02:00:00 GMT+0300 (Eastern European Summer Time)"
"08 Iul 2026","1 EUR","52345","","","-0,0019 %","-1","Wed Jul 08 2026 02:00:00 GMT+0300 (Eastern European Summer Time)"
"07 Iul 2026","1 EUR","52346","","","+0,0554 %","+0,0029","Tue Jul 07 2026 02:00:00 GMT+0300 (Eastern European Summer Time)"
"06 Iul 2026","1 EUR","52317","","","-0,1088 %","-57","Mon Jul 06 2026 02:00:00 GMT+0300 (Eastern European Summer Time)"
"03 Iul 2026","1 EUR","52374","","","+0,0286 %","+0,0015","Fri Jul 03 2026 02:00:00 GMT+0300 (Eastern European Summer Time)"
"02 Iul 2026","1 EUR","52359","","","-0,0954 %","-50","Thu Jul 02 2026 02:00:00 GMT+0300 (Eastern European Summer Time)"
"01 Iul 2026","1 EUR","52409","","","-0,0553 %","-29","Wed Jul 01 2026 02:00:00 GMT+0300 (Eastern European Summer Time)"
"30 Iun 2026","1 EUR","52438","","","+0,0153 %","+0,0008","Tue Jun 30 2026 02:00:00 GMT+0300 (Eastern European Summer Time)"
"29 Iun 2026","1 EUR","52430","","","+0,0764 %","+0,0040","Mon Jun 29 2026 02:00:00 GMT+0300 (Eastern European Summer Time)"
"26 Iun 2026","1 EUR","52390","","","+0,1395 %","+0,0073","Fri Jun 26 2026 02:00:00 GMT+0300 (Eastern European Summer Time)"
"25 Iun 2026","1 EUR","52317","","","-0,2745 %","-144","Thu Jun 25 2026 02:00:00 GMT+0300 (Eastern European Summer Time)"
"24 Iun 2026","1 EUR","52461","","","+0,0019 %","+0,0001","Wed Jun 24 2026 02:00:00 GMT+0300 (Eastern European Summer Time)"
"23 Iun 2026","1 EUR","52460","","","+0,1413 %","+0,0074","Tue Jun 23 2026 02:00:00 GMT+0300 (Eastern European Summer Time)"
"22 Iun 2026","1 EUR","52386","","","-0,0095 %","-5","Mon Jun 22 2026 02:00:00 GMT+0300 (Eastern European Summer Time)"
"19 Iun 2026","1 EUR","52391","","","+0,0994 %","+0,0052","Fri Jun 19 2026 02:00:00 GMT+0300 (Eastern European Summer Time)"
"18 Iun 2026","1 EUR","52339","","","+0,0210 %","+0,0011","Thu Jun 18 2026 02:00:00 GMT+0300 (Eastern European Summer Time)"
"17 Iun 2026","1 EUR","52328","","","+0,0344 %","+0,0018","Wed Jun 17 2026 02:00:00 GMT+0300 (Eastern European Summer Time)"
"16 Iun 2026","1 EUR","52310","","","-0,1336 %","-70","Tue Jun 16 2026 02:00:00 GMT+0300 (Eastern European Summer Time)"
"15 Iun 2026","1 EUR","52380","","","+0,0516 %","+0,0027","Mon Jun 15 2026 02:00:00 GMT+0300 (Eastern European Summer Time)"
"12 Iun 2026","1 EUR","52353","","","-0,0706 %","-37","Fri Jun 12 2026 02:00:00 GMT+0300 (Eastern European Summer Time)"
"11 Iun 2026","1 EUR","52390","","","+0,0879 %","+0,0046","Thu Jun 11 2026 02:00:00 GMT+0300 (Eastern European Summer Time)"
"10 Iun 2026","1 EUR","52344","","","-0,0802 %","-42","Wed Jun 10 2026 02:00:00 GMT+0300 (Eastern European Summer Time)"
"09 Iun 2026","1 EUR","52386","","","-0,0954 %","-50","Tue Jun 09 2026 02:00:00 GMT+0300 (Eastern European Summer Time)"
"08 Iun 2026","1 EUR","52436","","","-0,0991 %","-52","Mon Jun 08 2026 02:00:00 GMT+0300 (Eastern European Summer Time)"
"05 Iun 2026","1 EUR","52488","","","-0,1769 %","-93","Fri Jun 05 2026 02:00:00 GMT+0300 (Eastern European Summer Time)"
"04 Iun 2026","1 EUR","52581","","","-0,0209 %","-11","Thu Jun 04 2026 02:00:00 GMT+0300 (Eastern European Summer Time)"
"03 Iun 2026","1 EUR","52592","","","+0,0685 %","+0,0036","Wed Jun 03 2026 02:00:00 GMT+0300 (Eastern European Summer Time)"
"02 Iun 2026","1 EUR","52556","","","+0,1276 %","+0,0067","Tue Jun 02 2026 02:00:00 GMT+0300 (Eastern European Summer Time)"
"29 Mai 2026","1 EUR","52489","","","+0,0095 %","+0,0005","Fri May 29 2026 02:00:00 GMT+0300 (Eastern European Summer Time)"
"28 Mai 2026","1 EUR","52484","","","+0,1737 %","+0,0091","Thu May 28 2026 02:00:00 GMT+0300 (Eastern European Summer Time)"
"27 Mai 2026","1 EUR","52393","","","+0,0649 %","+0,0034","Wed May 27 2026 02:00:00 GMT+0300 (Eastern European Summer Time)"
"26 Mai 2026","1 EUR","52359","","","-0,2058 %","-108","Tue May 26 2026 02:00:00 GMT+0300 (Eastern European Summer Time)"
"25 Mai 2026","1 EUR","52467","","","-0,0400 %","-21","Mon May 25 2026 02:00:00 GMT+0300 (Eastern European Summer Time)"
"22 Mai 2026","1 EUR","52488","","","+0,1068 %","+0,0056","Fri May 22 2026 02:00:00 GMT+0300 (Eastern European Summer Time)"
"21 Mai 2026","1 EUR","52432","","","+0,1413 %","+0,0074","Thu May 21 2026 02:00:00 GMT+0300 (Eastern European Summer Time)"
"20 Mai 2026","1 EUR","52358","","","+0,1684 %","+0,0088","Wed May 20 2026 02:00:00 GMT+0300 (Eastern European Summer Time)"
"19 Mai 2026","1 EUR","52270","","","+0,3167 %","+0,0165","Tue May 19 2026 02:00:00 GMT+0300 (Eastern European Summer Time)"
"18 Mai 2026","1 EUR","52105","","","+0,0326 %","+0,0017","Mon May 18 2026 02:00:00 GMT+0300 (Eastern European Summer Time)"
"15 Mai 2026","1 EUR","52088","","","+0,0692 %","+0,0036","Fri May 15 2026 02:00:00 GMT+0300 (Eastern European Summer Time)"
"14 Mai 2026","1 EUR","52052","","","-0,0077 %","-4","Thu May 14 2026 02:00:00 GMT+0300 (Eastern European Summer Time)"
"13 Mai 2026","1 EUR","52056","","","-0,0902 %","-47","Wed May 13 2026 02:00:00 GMT+0300 (Eastern European Summer Time)"
"12 Mai 2026","1 EUR","52103","","","-0,2279 %","-119","Tue May 12 2026 02:00:00 GMT+0300 (Eastern European Summer Time)"
"11 Mai 2026","1 EUR","52222","","","-0,2712 %","-142","Mon May 11 2026 02:00:00 GMT+0300 (Eastern European Summer Time)"
"08 Mai 2026","1 EUR","52364","","","-0,5640 %","-297","Fri May 08 2026 02:00:00 GMT+0300 (Eastern European Summer Time)"
"07 Mai 2026","1 EUR","52661","","","-0,0512 %","-27","Thu May 07 2026 02:00:00 GMT+0300 (Eastern European Summer Time)"
"06 Mai 2026","1 EUR","52688","","(max)","+0,9736 %","+0,0508","Wed May 06 2026 02:00:00 GMT+0300 (Eastern European Summer Time)"
"05 Mai 2026","1 EUR","52180","","","+0,3500 %","+0,0182","Tue May 05 2026 02:00:00 GMT+0300 (Eastern European Summer Time)"
"04 Mai 2026","1 EUR","51998","","","+1,1300 %","+0,0581","Mon May 04 2026 02:00:00 GMT+0300 (Eastern European Summer Time)"
"Thu Apr 30 2026 02:00:00 GMT+0300 (Eastern European Summer Time)","1 EUR","51417","","","+0,8097 %","+0,0413","Thu Apr 30 2026 02:00:00 GMT+0300 (Eastern European Summer Time)"
"Wed Apr 29 2026 02:00:00 GMT+0300 (Eastern European Summer Time)","1 EUR","51004","","","+0,1315 %","+0,0067","Wed Apr 29 2026 02:00:00 GMT+0300 (Eastern European Summer Time)"
"Tue Apr 28 2026 02:00:00 GMT+0300 (Eastern European Summer Time)","1 EUR","50937","","","+0,0196 %","+0,0010",""
"Mon Apr 27 2026 02:00:00 GMT+0300 (Eastern European Summer Time)","1 EUR","50927","","(min)","-0,0020 %","-1",""
"Fri Apr 24 2026 02:00:00 GMT+0300 (Eastern European Summer Time)","1 EUR","50928","-","","-","-",""