Date,country,stringency,cases
2020-02-26,BRA,5.56,1.0
2020-02-27,BRA,5.56,1.0
2020-02-28,BRA,5.56,1.0
2020-02-29,BRA,5.56,2.0
2020-03-01,BRA,5.56,2.0
2020-03-02,BRA,11.11,2.0
2020-03-03,BRA,11.11,2.0
2020-03-04,BRA,11.11,4.0
2020-03-05,BRA,11.11,4.0
2020-03-06,BRA,11.11,13.0
2020-03-07,BRA,11.11,13.0
2020-03-08,BRA,11.11,20.0
2020-03-09,BRA,11.11,25.0
2020-03-10,BRA,11.11,31.0
2020-03-11,BRA,11.11,38.0
2020-03-12,BRA,28.7,52.0
2020-03-13,BRA,37.96,151.0
2020-03-14,BRA,42.13,151.0
2020-03-15,BRA,42.13,162.0
2020-03-16,BRA,42.13,200.0
2020-03-17,BRA,57.87,321.0
2020-03-18,BRA,60.65,372.0
2020-03-19,BRA,66.2,621.0
2020-03-20,BRA,66.2,793.0
2020-03-21,BRA,71.76,1021.0
2020-03-22,BRA,71.76,1546.0
2020-03-23,BRA,71.76,1924.0
2020-03-24,BRA,71.76,2247.0
2020-03-25,BRA,71.76,2554.0
2020-03-26,BRA,71.76,2985.0
2020-03-27,BRA,74.54,3417.0
2020-03-28,BRA,74.54,3904.0
2020-03-29,BRA,74.54,4256.0
2020-03-30,BRA,74.54,4579.0
2020-03-31,BRA,74.54,5717.0
2020-04-01,BRA,74.54,6836.0
2020-04-02,BRA,74.54,8044.0
2020-04-03,BRA,74.54,9056.0
2020-04-04,BRA,74.54,10360.0
2020-04-05,BRA,74.54,11130.0
2020-04-06,BRA,74.54,12161.0
2020-04-07,BRA,74.54,14034.0
2020-04-08,BRA,74.54,16170.0
2020-04-09,BRA,74.54,18092.0
2020-04-10,BRA,74.54,19638.0
2020-04-11,BRA,74.54,20727.0
2020-04-12,BRA,74.54,22192.0
2020-04-13,BRA,74.54,23430.0
2020-04-14,BRA,74.54,25262.0
2020-04-15,BRA,74.54,28320.0
2020-04-16,BRA,74.54,30425.0
2020-04-17,BRA,74.54,33682.0
2020-04-18,BRA,74.54,36658.0
2020-04-19,BRA,74.54,38654.0
2020-04-20,BRA,74.54,40743.0
2020-04-21,BRA,74.54,43079.0
2020-04-22,BRA,74.54,45757.0
2020-04-23,BRA,74.54,50036.0
2020-04-24,BRA,74.54,54043.0
2020-04-25,BRA,74.54,59324.0
2020-04-26,BRA,77.31,63100.0
2020-04-27,BRA,77.31,67446.0
2020-04-28,BRA,77.31,73235.0
2020-04-29,BRA,77.31,79685.0
2020-04-30,BRA,77.31,87187.0
2020-05-01,BRA,77.31,92202.0
2020-05-02,BRA,77.31,97100.0
2020-05-03,BRA,77.31,101826.0
2020-05-04,BRA,77.31,108620.0
2020-05-05,BRA,81.02,115455.0
2020-05-06,BRA,81.02,126611.0
2020-05-07,BRA,81.02,135773.0
2020-05-08,BRA,81.02,146894.0
2020-05-09,BRA,81.02,156061.0
2020-05-10,BRA,81.02,162699.0
2020-05-11,BRA,81.02,169594.0
2020-05-12,BRA,81.02,178214.0
2020-05-13,BRA,81.02,190137.0
2020-05-14,BRA,81.02,203165.0
2020-05-15,BRA,81.02,220291.0
2020-05-16,BRA,81.02,233511.0
2020-05-17,BRA,81.02,241080.0
2020-05-18,BRA,81.02,255368.0
2020-05-19,BRA,81.02,271885.0
2020-05-20,BRA,81.02,291579.0
2020-05-21,BRA,81.02,310087.0
2020-05-22,BRA,81.02,330890.0
2020-05-23,BRA,81.02,347398.0
2020-05-24,BRA,81.02,363211.0
2020-05-25,BRA,81.02,374898.0
2020-05-26,BRA,81.02,391222.0
2020-05-27,BRA,81.02,411821.0
2020-05-28,BRA,81.02,438238.0
2020-05-29,BRA,81.02,465166.0
2020-05-30,BRA,81.02,498440.0
2020-05-31,BRA,81.02,514849.0
2020-06-01,BRA,77.31,526447.0
2020-06-02,BRA,77.31,555383.0
2020-06-03,BRA,77.31,584016.0
2020-06-04,BRA,77.31,614941.0
2020-06-05,BRA,77.31,645771.0
2020-06-06,BRA,77.31,672846.0
2020-06-07,BRA,77.31,691758.0
2020-06-08,BRA,77.31,707412.0
2020-06-09,BRA,77.31,739503.0
2020-06-10,BRA,77.31,772416.0
2020-06-11,BRA,77.31,802828.0
2020-06-12,BRA,77.31,828810.0
2020-06-13,BRA,77.31,850514.0
2020-06-14,BRA,77.31,867624.0
2020-06-15,BRA,77.31,888271.0
2020-06-16,BRA,77.31,923189.0
2020-06-17,BRA,77.31,955377.0
2020-06-18,BRA,77.31,978142.0
2020-06-19,BRA,77.31,1032913.0
2020-06-20,BRA,77.31,1067579.0
2020-06-21,BRA,77.31,1083341.0
2020-06-22,BRA,77.31,1106470.0
2020-06-23,BRA,77.31,1145906.0
2020-06-24,BRA,77.31,1188631.0
2020-06-25,BRA,77.31,1228114.0
2020-06-26,BRA,77.31,1274974.0
2020-06-27,BRA,77.31,1313667.0
2020-06-28,BRA,77.31,1344143.0
2020-06-29,BRA,77.31,1368195.0
2020-06-30,BRA,77.31,1402041.0
2020-07-01,BRA,77.31,1448753.0
2020-07-02,BRA,77.31,1496858.0
2020-07-03,BRA,81.02,1539081.0
2020-07-04,BRA,81.02,1577004.0
2020-07-05,BRA,81.02,1603055.0
2020-07-06,BRA,81.02,1623284.0
2020-07-07,BRA,81.02,1668589.0
2020-07-08,BRA,81.02,1713160.0
2020-07-09,BRA,81.02,1755779.0
2020-07-10,BRA,81.02,1800827.0
2020-07-11,BRA,81.02,1839850.0
2020-07-12,BRA,81.02,1864681.0
2020-07-13,BRA,81.02,1884967.0
2020-07-14,BRA,81.02,1926824.0
2020-07-15,BRA,81.02,1966748.0
2020-07-16,BRA,81.02,2012151.0
2020-07-17,BRA,81.02,2046328.0
2020-07-18,BRA,81.02,2074860.0
2020-07-19,BRA,81.02,2098389.0
2020-07-20,BRA,81.02,2118646.0
2020-07-21,BRA,81.02,2159654.0
2020-07-22,BRA,81.02,2227514.0
2020-07-23,BRA,81.02,2287475.0
2020-07-24,BRA,81.02,2343366.0
2020-07-25,BRA,81.02,2394513.0
2020-07-26,BRA,81.02,2419091.0
2020-07-27,BRA,81.02,2442375.0
2020-07-28,BRA,81.02,2483191.0
2020-07-29,BRA,72.69,2552265.0
2020-07-30,BRA,72.69,2610102.0
2020-07-31,BRA,72.69,2662485.0
2020-08-01,BRA,72.69,2707877.0
2020-08-02,BRA,72.69,2733677.0
2020-08-03,BRA,72.69,2750318.0
2020-08-04,BRA,72.69,2801921.0
2020-08-05,BRA,72.69,2859073.0
2020-08-06,BRA,72.69,2912212.0
2020-08-07,BRA,72.69,2962442.0
2020-08-08,BRA,72.69,3012412.0
2020-08-09,BRA,72.69,3035422.0
2020-08-10,BRA,72.69,3057470.0
2020-08-11,BRA,72.69,3109630.0
2020-08-12,BRA,72.69,3164785.0
2020-08-13,BRA,72.69,3224876.0
2020-08-14,BRA,72.69,3275520.0
2020-08-15,BRA,69.91,3317096.0
2020-08-16,BRA,69.91,3340197.0
2020-08-17,BRA,69.91,3359570.0
2020-08-18,BRA,69.91,3407354.0
2020-08-19,BRA,69.91,3456652.0
2020-08-20,BRA,69.91,3501975.0
2020-08-21,BRA,69.91,3532330.0
2020-08-22,BRA,69.91,3582362.0
2020-08-23,BRA,69.91,3605783.0
2020-08-24,BRA,73.61,3622861.0
2020-08-25,BRA,73.61,3669995.0
2020-08-26,BRA,73.61,3717156.0
2020-08-27,BRA,73.61,3761391.0
2020-08-28,BRA,73.61,3804803.0
2020-08-29,BRA,73.61,3846153.0
2020-08-30,BRA,73.61,3862311.0
2020-08-31,BRA,69.91,3908272.0
2020-09-01,BRA,69.91,3950931.0
2020-09-02,BRA,69.91,3997865.0
2020-09-03,BRA,69.91,4041638.0
2020-09-04,BRA,69.91,4091801.0
2020-09-05,BRA,69.91,4123000.0
2020-09-06,BRA,69.91,4137521.0
2020-09-07,BRA,69.91,4147794.0
2020-09-08,BRA,69.91,4162073.0
2020-09-09,BRA,69.91,4197889.0
2020-09-10,BRA,69.91,4238446.0
2020-09-11,BRA,69.91,4282164.0
2020-09-12,BRA,69.91,4315687.0
2020-09-13,BRA,69.91,4330455.0
2020-09-14,BRA,69.91,4345610.0
2020-09-15,BRA,69.91,4382263.0
2020-09-16,BRA,69.91,4419083.0
2020-09-17,BRA,69.91,4455386.0
2020-09-18,BRA,69.91,4495183.0
2020-09-19,BRA,69.91,4528240.0
2020-09-20,BRA,69.91,4544629.0
2020-09-21,BRA,69.91,4558040.0
2020-09-22,BRA,69.91,4591364.0
2020-09-23,BRA,67.13,4591364.0
2020-09-24,BRA,67.13,4657702.0
2020-09-25,BRA,67.13,4689613.0
2020-09-26,BRA,67.13,4717991.0
2020-09-27,BRA,67.13,4732309.0
2020-09-28,BRA,67.13,4745464.0
2020-09-29,BRA,67.13,4777522.0
2020-09-30,BRA,67.13,4810935.0
2020-10-01,BRA,67.13,4847092.0
2020-10-02,BRA,67.13,4847092.0
2020-10-03,BRA,67.13,4906833.0
2020-10-04,BRA,67.13,4915289.0
2020-10-05,BRA,67.13,4927235.0
2020-10-06,BRA,67.13,4969141.0
2020-10-07,BRA,67.13,5000694.0
2020-10-08,BRA,63.43,5028444.0
2020-10-09,BRA,63.43,5055888.0
2020-10-10,BRA,63.43,5082637.0
2020-10-11,BRA,63.43,5094979.0
2020-10-12,BRA,63.43,5103408.0
2020-10-13,BRA,63.43,5113628.0
2020-10-14,BRA,63.43,5140863.0
2020-10-15,BRA,63.43,5169386.0
2020-10-16,BRA,63.43,5200300.0
2020-10-17,BRA,63.43,5224362.0
2020-10-18,BRA,63.43,5224362.0
2020-10-19,BRA,63.43,5250727.0
2020-10-20,BRA,63.43,5273954.0
2020-10-21,BRA,63.43,5298772.0
2020-10-22,BRA,63.43,5323630.0
2020-10-23,BRA,57.87,5353656.0
2020-10-24,BRA,57.87,5380635.0
2020-10-25,BRA,57.87,5394128.0
2020-10-26,BRA,57.87,5409854.0
2020-10-27,BRA,57.87,5439641.0
2020-10-28,BRA,57.87,5468270.0
2020-10-29,BRA,57.87,5494376.0
2020-10-30,BRA,57.87,5516658.0
2020-10-31,BRA,57.87,5535605.0
2020-11-01,BRA,57.87,5545705.0
2020-11-02,BRA,57.87,5554206.0
2020-11-03,BRA,57.87,5566049.0
2020-11-04,BRA,57.87,5590025.0
2020-11-05,BRA,57.87,5590025.0
2020-11-06,BRA,57.87,5631181.0
2020-11-07,BRA,57.87,5653561.0
2020-11-08,BRA,57.87,5664115.0
2020-11-09,BRA,57.87,5675032.0
2020-11-10,BRA,54.17,5699005.0
2020-11-11,BRA,54.17,5747660.0
2020-11-12,BRA,54.17,5781582.0
2020-11-13,BRA,54.17,5810652.0
2020-11-14,BRA,54.17,5848959.0
2020-11-15,BRA,54.17,5863093.0
2020-11-16,BRA,54.17,5876464.0
2020-11-17,BRA,54.17,5911758.0
2020-11-18,BRA,54.17,5945849.0
2020-11-19,BRA,54.17,5981767.0
2020-11-20,BRA,54.17,6020164.0
2020-11-21,BRA,54.17,6052786.0
2020-11-22,BRA,54.17,6071401.0
2020-11-23,BRA,54.17,6087608.0
2020-11-24,BRA,54.17,6118708.0
2020-11-25,BRA,57.87,6166606.0
2020-11-26,BRA,57.87,6204220.0
2020-11-27,BRA,57.87,6238350.0
2020-11-28,BRA,57.87,6290272.0
2020-11-29,BRA,57.87,6314740.0
2020-11-30,BRA,60.65,6335878.0
2020-12-01,BRA,60.65,6386787.0
2020-12-02,BRA,60.65,6436650.0
2020-12-03,BRA,63.43,6487084.0
2020-12-04,BRA,63.43,6533968.0
2020-12-05,BRA,63.43,6577177.0
2020-12-06,BRA,63.43,6603540.0
2020-12-07,BRA,63.43,6623911.0
2020-12-08,BRA,63.43,6674999.0
2020-12-09,BRA,60.65,6728452.0
2020-12-10,BRA,60.65,6781799.0
2020-12-11,BRA,64.35,6836227.0
2020-12-12,BRA,64.35,6880127.0
2020-12-13,BRA,64.35,6901952.0
2020-12-14,BRA,64.35,6927145.0
2020-12-15,BRA,67.13,6970034.0
2020-12-16,BRA,64.35,7040608.0
2020-12-17,BRA,64.35,7110434.0
2020-12-18,BRA,64.35,7162978.0
2020-12-19,BRA,64.35,7213155.0
2020-12-20,BRA,64.35,7238600.0
2020-12-21,BRA,64.35,7263619.0
2020-12-22,BRA,64.35,7318821.0
2020-12-23,BRA,64.35,7365517.0
2020-12-24,BRA,64.35,7423945.0
2020-12-25,BRA,64.35,7448560.0
2020-12-26,BRA,64.35,7465806.0
2020-12-27,BRA,64.35,7484285.0
2020-12-28,BRA,64.35,7504833.0
2020-12-29,BRA,64.35,7563551.0
2020-12-30,BRA,64.35,7619200.0
2020-12-31,BRA,64.35,7675973.0
2021-01-01,BRA,64.35,7700578.0
2021-01-02,BRA,64.35,7716405.0
2021-01-03,BRA,64.35,7733746.0
2021-01-04,BRA,64.35,7753752.0
2021-01-05,BRA,64.35,7810400.0
2021-01-06,BRA,64.35,7873830.0
2021-01-07,BRA,61.57,7961673.0
2021-01-08,BRA,61.57,8013708.0
2021-01-09,BRA,61.57,8075998.0
2021-01-10,BRA,61.57,8105790.0
2021-01-11,BRA,61.57,8131612.0
2021-01-12,BRA,61.57,8195637.0
2021-01-13,BRA,64.35,8256536.0
2021-01-14,BRA,72.69,8324294.0
2021-01-15,BRA,72.69,8393492.0
2021-01-16,BRA,72.69,8455059.0
2021-01-17,BRA,72.69,8488099.0
2021-01-18,BRA,72.69,8511770.0
2021-01-19,BRA,72.69,8573864.0
2021-01-20,BRA,72.69,8638249.0
2021-01-21,BRA,72.69,8697368.0
2021-01-22,BRA,72.69,8753920.0
2021-01-23,BRA,72.69,8816254.0
2021-01-24,BRA,72.69,8844577.0
2021-01-25,BRA,72.69,8871393.0
2021-01-26,BRA,69.91,8933356.0
2021-01-27,BRA,69.91,8996876.0
2021-01-28,BRA,69.91,9058687.0
2021-01-29,BRA,69.91,9118513.0
2021-01-30,BRA,69.91,9176975.0
2021-01-31,BRA,69.91,9204731.0
2021-02-01,BRA,69.91,9229322.0
2021-02-02,BRA,69.91,9283418.0
2021-02-03,BRA,69.91,9339420.0
2021-02-04,BRA,69.91,9396293.0
2021-02-05,BRA,69.91,9447165.0
2021-02-06,BRA,69.91,9447165.0
2021-02-07,BRA,69.91,9524640.0
2021-02-08,BRA,69.91,9524640.0
2021-02-09,BRA,69.91,9599565.0
2021-02-10,BRA,69.91,9659167.0
2021-02-11,BRA,69.91,9713909.0
2021-02-12,BRA,69.91,9765455.0
2021-02-13,BRA,69.91,9809754.0
2021-02-14,BRA,69.91,9834513.0
2021-02-15,BRA,73.61,9866710.0
2021-02-16,BRA,73.61,9921981.0
2021-02-17,BRA,73.61,9978747.0
2021-02-18,BRA,73.61,10030626.0
2021-02-19,BRA,73.61,10084208.0
2021-02-20,BRA,73.61,10139148.0
2021-02-21,BRA,73.61,10168174.0
2021-02-22,BRA,73.61,10195160.0
2021-02-23,BRA,73.61,10257875.0
2021-02-24,BRA,73.61,10324463.0
2021-02-25,BRA,73.61,10390461.0
2021-02-26,BRA,76.39,10455630.0
2021-02-27,BRA,70.83,10517232.0
2021-02-28,BRA,70.83,10551259.0
2021-03-01,BRA,67.13,10587001.0
2021-03-02,BRA,67.13,10646926.0
2021-03-03,BRA,67.13,10718630.0
2021-03-04,BRA,67.13,10793732.0
2021-03-05,BRA,67.13,10869227.0
2021-03-06,BRA,67.13,10938836.0
2021-03-07,BRA,67.13,11019344.0
2021-03-08,BRA,67.13,11051665.0
2021-03-09,BRA,67.13,11122429.0
2021-03-10,BRA,67.13,11202305.0
2021-03-11,BRA,67.13,11277717.0
2021-03-12,BRA,67.13,11363380.0
2021-03-13,BRA,67.13,11439558.0
2021-03-14,BRA,67.13,11483370.0
2021-03-15,BRA,67.13,11519609.0
2021-03-16,BRA,67.13,11603535.0
2021-03-17,BRA,70.83,11693838.0
2021-03-18,BRA,70.83,11780820.0
2021-03-19,BRA,70.83,11871390.0
2021-03-20,BRA,70.83,11950459.0
2021-03-21,BRA,70.83,11998233.0
2021-03-22,BRA,70.83,12047526.0
2021-03-23,BRA,70.83,12130019.0
2021-03-24,BRA,70.83,12220011.0
2021-03-25,BRA,70.83,12320169.0
2021-03-26,BRA,70.83,12404414.0
2021-03-27,BRA,70.83,12490362.0
2021-03-28,BRA,70.83,12534688.0
2021-03-29,BRA,70.83,12573615.0
2021-03-30,BRA,70.83,12658109.0
2021-03-31,BRA,70.83,12748747.0
2021-04-01,BRA,70.83,12839844.0
2021-04-02,BRA,70.83,12910082.0
2021-04-03,BRA,70.83,12953597.0
2021-04-04,BRA,70.83,12984956.0
2021-04-05,BRA,70.83,13013601.0
2021-04-06,BRA,70.83,13100580.0
2021-04-07,BRA,70.83,13193205.0
2021-04-08,BRA,70.83,13279857.0
2021-04-09,BRA,70.83,13373174.0
2021-04-10,BRA,70.83,13445006.0
2021-04-11,BRA,70.83,13482023.0
2021-04-12,BRA,70.83,13517808.0
2021-04-13,BRA,70.83,13599994.0
2021-04-14,BRA,70.83,13673507.0
2021-04-15,BRA,70.83,13746681.0
2021-04-16,BRA,70.83,13832455.0
2021-04-17,BRA,70.83,13900091.0
2021-04-18,BRA,70.83,13943071.0
2021-04-19,BRA,63.43,13973695.0
2021-04-20,BRA,60.65,14043076.0
2021-04-21,BRA,60.65,14122795.0
2021-04-22,BRA,60.65,14167973.0
2021-04-23,BRA,60.65,14237078.0
2021-04-24,BRA,60.65,14308215.0
2021-04-25,BRA,60.65,14340787.0
2021-04-26,BRA,60.65,14369423.0
2021-04-27,BRA,60.65,14441563.0
2021-04-28,BRA,60.65,14521289.0
2021-04-29,BRA,60.65,14590678.0
2021-04-30,BRA,60.65,14659011.0
2021-05-01,BRA,60.65,14725975.0
2021-05-02,BRA,60.65,14754910.0
2021-05-03,BRA,56.94,14779529.0
2021-05-04,BRA,56.94,14856888.0
2021-05-05,BRA,56.94,14930183.0
2021-05-06,BRA,56.94,15003563.0
2021-05-07,BRA,56.94,15082449.0
2021-05-08,BRA,56.94,15145879.0
2021-05-09,BRA,56.94,15184790.0
2021-05-10,BRA,56.94,15209990.0
2021-05-11,BRA,56.94,15282705.0
2021-05-12,BRA,56.94,15359397.0
2021-05-13,BRA,56.94,15433989.0
2021-05-14,BRA,56.94,15519525.0
2021-05-15,BRA,60.65,15586534.0
2021-05-16,BRA,60.65,15627243.0
2021-05-17,BRA,60.65,15657391.0
2021-05-18,BRA,60.65,15732836.0
2021-05-19,BRA,60.65,15812055.0
2021-05-20,BRA,60.65,15894094.0
2021-05-21,BRA,60.65,15970949.0
2021-05-22,BRA,60.65,16047439.0
2021-05-23,BRA,60.65,16083258.0
2021-05-24,BRA,60.65,16120756.0
2021-05-25,BRA,60.65,16194209.0
2021-05-26,BRA,60.65,16274695.0
2021-05-27,BRA,60.65,16342162.0
2021-05-28,BRA,60.65,16391930.0
2021-05-29,BRA,60.65,
2020-02-26,DEU,16.67,27.0
2020-02-27,DEU,16.67,46.0
2020-02-28,DEU,19.44,48.0
2020-02-29,DEU,25.0,79.0
2020-03-01,DEU,25.0,130.0
2020-03-02,DEU,25.0,159.0
2020-03-03,DEU,25.0,196.0
2020-03-04,DEU,25.0,262.0
2020-03-05,DEU,25.0,482.0
2020-03-06,DEU,25.0,670.0
2020-03-07,DEU,25.0,799.0
2020-03-08,DEU,25.0,1040.0
2020-03-09,DEU,28.7,1176.0
2020-03-10,DEU,32.87,1457.0
2020-03-11,DEU,32.87,1908.0
2020-03-12,DEU,32.87,2078.0
2020-03-13,DEU,32.87,3675.0
2020-03-14,DEU,32.87,4585.0
2020-03-15,DEU,32.87,5795.0
2020-03-16,DEU,42.13,7272.0
2020-03-17,DEU,42.13,9257.0
2020-03-18,DEU,52.31,12327.0
2020-03-19,DEU,55.09,15320.0
2020-03-20,DEU,57.87,19848.0
2020-03-21,DEU,68.06,22213.0
2020-03-22,DEU,76.85,24873.0
2020-03-23,DEU,76.85,29056.0
2020-03-24,DEU,76.85,32986.0
2020-03-25,DEU,76.85,37323.0
2020-03-26,DEU,76.85,43938.0
2020-03-27,DEU,76.85,50871.0
2020-03-28,DEU,76.85,57695.0
2020-03-29,DEU,76.85,62095.0
2020-03-30,DEU,76.85,66885.0
2020-03-31,DEU,76.85,71808.0
2020-04-01,DEU,76.85,77872.0
2020-04-02,DEU,76.85,84794.0
2020-04-03,DEU,76.85,91159.0
2020-04-04,DEU,76.85,96092.0
2020-04-05,DEU,76.85,100123.0
2020-04-06,DEU,76.85,103374.0
2020-04-07,DEU,76.85,107663.0
2020-04-08,DEU,76.85,113296.0
2020-04-09,DEU,76.85,118181.0
2020-04-10,DEU,76.85,122171.0
2020-04-11,DEU,76.85,124908.0
2020-04-12,DEU,76.85,127854.0
2020-04-13,DEU,76.85,130072.0
2020-04-14,DEU,76.85,131359.0
2020-04-15,DEU,76.85,134753.0
2020-04-16,DEU,76.85,137698.0
2020-04-17,DEU,76.85,141397.0
2020-04-18,DEU,76.85,143342.0
2020-04-19,DEU,76.85,145184.0
2020-04-20,DEU,76.85,147065.0
2020-04-21,DEU,76.85,148291.0
2020-04-22,DEU,76.85,150648.0
2020-04-23,DEU,76.85,153129.0
2020-04-24,DEU,76.85,154999.0
2020-04-25,DEU,76.85,156513.0
2020-04-26,DEU,76.85,157770.0
2020-04-27,DEU,76.85,158758.0
2020-04-28,DEU,76.85,159912.0
2020-04-29,DEU,76.85,161539.0
2020-04-30,DEU,76.85,163009.0
2020-05-01,DEU,76.85,164077.0
2020-05-02,DEU,76.85,164967.0
2020-05-03,DEU,75.46,165664.0
2020-05-04,DEU,71.76,166152.0
2020-05-05,DEU,71.76,167007.0
2020-05-06,DEU,66.2,168162.0
2020-05-07,DEU,64.35,169430.0
2020-05-08,DEU,64.35,170588.0
2020-05-09,DEU,64.35,171324.0
2020-05-10,DEU,64.35,171879.0
2020-05-11,DEU,64.35,172576.0
2020-05-12,DEU,64.35,173171.0
2020-05-13,DEU,64.35,174098.0
2020-05-14,DEU,64.35,174478.0
2020-05-15,DEU,64.35,175233.0
2020-05-16,DEU,61.57,175752.0
2020-05-17,DEU,61.57,176369.0
2020-05-18,DEU,61.57,176551.0
2020-05-19,DEU,59.72,177778.0
2020-05-20,DEU,59.72,178473.0
2020-05-21,DEU,59.72,179021.0
2020-05-22,DEU,59.72,179710.0
2020-05-23,DEU,59.72,179986.0
2020-05-24,DEU,59.72,180328.0
2020-05-25,DEU,59.72,180600.0
2020-05-26,DEU,59.72,181200.0
2020-05-27,DEU,59.72,181524.0
2020-05-28,DEU,59.72,182196.0
2020-05-29,DEU,59.72,182922.0
2020-05-30,DEU,59.72,183189.0
2020-05-31,DEU,59.72,183410.0
2020-06-01,DEU,59.72,183594.0
2020-06-02,DEU,59.72,183879.0
2020-06-03,DEU,59.72,184121.0
2020-06-04,DEU,59.72,184472.0
2020-06-05,DEU,59.72,184924.0
2020-06-06,DEU,59.72,185450.0
2020-06-07,DEU,59.72,185750.0
2020-06-08,DEU,59.72,186109.0
2020-06-09,DEU,59.72,186506.0
2020-06-10,DEU,59.72,186522.0
2020-06-11,DEU,59.72,186691.0
2020-06-12,DEU,59.72,187226.0
2020-06-13,DEU,59.72,187267.0
2020-06-14,DEU,59.72,187518.0
2020-06-15,DEU,59.72,187682.0
2020-06-16,DEU,59.72,188252.0
2020-06-17,DEU,59.72,188604.0
2020-06-18,DEU,63.43,189817.0
2020-06-19,DEU,63.43,190299.0
2020-06-20,DEU,63.43,190670.0
2020-06-21,DEU,63.43,191272.0
2020-06-22,DEU,63.43,191768.0
2020-06-23,DEU,63.43,192480.0
2020-06-24,DEU,63.43,192871.0
2020-06-25,DEU,63.43,193371.0
2020-06-26,DEU,63.43,194036.0
2020-06-27,DEU,63.43,194458.0
2020-06-28,DEU,63.43,194693.0
2020-06-29,DEU,63.43,195042.0
2020-06-30,DEU,63.43,195418.0
2020-07-01,DEU,63.43,195893.0
2020-07-02,DEU,63.43,196370.0
2020-07-03,DEU,63.43,196780.0
2020-07-04,DEU,63.43,197198.0
2020-07-05,DEU,63.43,197523.0
2020-07-06,DEU,63.43,198064.0
2020-07-07,DEU,55.09,198343.0
2020-07-08,DEU,55.09,198699.0
2020-07-09,DEU,55.09,199001.0
2020-07-10,DEU,55.09,199332.0
2020-07-11,DEU,55.09,199709.0
2020-07-12,DEU,55.09,199919.0
2020-07-13,DEU,55.09,200180.0
2020-07-14,DEU,55.09,200456.0
2020-07-15,DEU,55.09,200890.0
2020-07-16,DEU,55.09,201450.0
2020-07-17,DEU,55.09,202045.0
2020-07-18,DEU,55.09,202426.0
2020-07-19,DEU,55.09,202735.0
2020-07-20,DEU,55.09,203325.0
2020-07-21,DEU,55.09,203717.0
2020-07-22,DEU,55.09,204276.0
2020-07-23,DEU,55.09,204881.0
2020-07-24,DEU,55.09,205623.0
2020-07-25,DEU,55.09,206278.0
2020-07-26,DEU,55.09,206667.0
2020-07-27,DEU,55.09,207112.0
2020-07-28,DEU,55.09,207707.0
2020-07-29,DEU,55.09,208546.0
2020-07-30,DEU,55.09,209535.0
2020-07-31,DEU,57.87,210399.0
2020-08-01,DEU,57.87,211005.0
2020-08-02,DEU,57.87,211220.0
2020-08-03,DEU,57.87,212111.0
2020-08-04,DEU,57.87,212828.0
2020-08-05,DEU,57.87,214113.0
2020-08-06,DEU,57.87,215039.0
2020-08-07,DEU,59.72,216196.0
2020-08-08,DEU,56.94,216903.0
2020-08-09,DEU,56.94,217288.0
2020-08-10,DEU,56.94,218508.0
2020-08-11,DEU,56.94,219540.0
2020-08-12,DEU,56.94,220859.0
2020-08-13,DEU,56.94,222281.0
2020-08-14,DEU,56.94,223791.0
2020-08-15,DEU,56.94,224488.0
2020-08-16,DEU,56.94,225007.0
2020-08-17,DEU,56.94,226700.0
2020-08-18,DEU,56.94,228120.0
2020-08-19,DEU,56.94,229706.0
2020-08-20,DEU,56.94,231292.0
2020-08-21,DEU,56.94,233029.0
2020-08-22,DEU,56.94,233861.0
2020-08-23,DEU,56.94,234494.0
2020-08-24,DEU,59.72,236122.0
2020-08-25,DEU,59.72,237583.0
2020-08-26,DEU,59.72,239010.0
2020-08-27,DEU,59.72,240571.0
2020-08-28,DEU,59.72,242126.0
2020-08-29,DEU,59.72,242835.0
2020-08-30,DEU,59.72,243305.0
2020-08-31,DEU,59.72,244802.0
2020-09-01,DEU,59.72,246015.0
2020-09-02,DEU,59.72,247411.0
2020-09-03,DEU,57.87,248840.0
2020-09-04,DEU,49.54,250283.0
2020-09-05,DEU,49.54,251058.0
2020-09-06,DEU,49.54,251728.0
2020-09-07,DEU,49.54,253626.0
2020-09-08,DEU,49.54,254957.0
2020-09-09,DEU,49.54,256433.0
2020-09-10,DEU,49.54,258149.0
2020-09-11,DEU,49.54,259735.0
2020-09-12,DEU,49.54,260817.0
2020-09-13,DEU,49.54,261737.0
2020-09-14,DEU,49.54,263222.0
2020-09-15,DEU,49.54,265014.0
2020-09-16,DEU,49.54,266869.0
2020-09-17,DEU,49.54,269048.0
2020-09-18,DEU,49.54,271247.0
2020-09-19,DEU,49.54,272932.0
2020-09-20,DEU,49.54,273965.0
2020-09-21,DEU,49.54,275560.0
2020-09-22,DEU,49.54,277412.0
2020-09-23,DEU,49.54,279025.0
2020-09-24,DEU,49.54,281346.0
2020-09-25,DEU,49.54,283712.0
2020-09-26,DEU,49.54,285026.0
2020-09-27,DEU,49.54,286339.0
2020-09-28,DEU,49.54,288631.0
2020-09-29,DEU,49.54,290471.0
2020-09-30,DEU,49.54,292913.0
2020-10-01,DEU,49.54,295539.0
2020-10-02,DEU,49.54,298374.0
2020-10-03,DEU,49.54,300027.0
2020-10-04,DEU,49.54,301573.0
2020-10-05,DEU,49.54,304673.0
2020-10-06,DEU,49.54,307127.0
2020-10-07,DEU,49.54,311137.0
2020-10-08,DEU,49.54,315941.0
2020-10-09,DEU,49.54,320495.0
2020-10-10,DEU,49.54,323463.0
2020-10-11,DEU,49.54,326309.0
2020-10-12,DEU,49.54,332850.0
2020-10-13,DEU,49.54,337314.0
2020-10-14,DEU,49.54,344487.0
2020-10-15,DEU,58.8,352107.0
2020-10-16,DEU,58.8,359802.0
2020-10-17,DEU,58.8,364664.0
2020-10-18,DEU,58.8,368671.0
2020-10-19,DEU,58.8,377068.0
2020-10-20,DEU,58.8,385591.0
2020-10-21,DEU,58.8,397922.0
2020-10-22,DEU,60.65,403874.0
2020-10-23,DEU,60.65,417350.0
2020-10-24,DEU,60.65,427808.0
2020-10-25,DEU,60.65,437698.0
2020-10-26,DEU,60.65,450258.0
2020-10-27,DEU,60.65,463419.0
2020-10-28,DEU,60.65,479621.0
2020-10-29,DEU,60.65,498354.0
2020-10-30,DEU,60.65,517736.0
2020-10-31,DEU,60.65,531790.0
2020-11-01,DEU,60.65,544346.0
2020-11-02,DEU,62.04,569598.0
2020-11-03,DEU,62.04,577131.0
2020-11-04,DEU,62.04,608611.0
2020-11-05,DEU,62.04,631172.0
2020-11-06,DEU,62.04,653992.0
2020-11-07,DEU,62.04,668114.0
2020-11-08,DEU,62.04,682624.0
2020-11-09,DEU,62.04,689146.0
2020-11-10,DEU,62.04,715693.0
2020-11-11,DEU,62.04,738094.0
2020-11-12,DEU,62.04,762832.0
2020-11-13,DEU,62.04,785093.0
2020-11-14,DEU,62.04,799733.0
2020-11-15,DEU,62.04,802946.0
2020-11-16,DEU,62.04,817526.0
2020-11-17,DEU,62.04,843757.0
2020-11-18,DEU,62.04,867484.0
2020-11-19,DEU,62.04,891525.0
2020-11-20,DEU,62.04,914118.0
2020-11-21,DEU,62.04,927990.0
2020-11-22,DEU,62.04,932367.0
2020-11-23,DEU,62.04,946822.0
2020-11-24,DEU,62.04,963192.0
2020-11-25,DEU,62.04,995879.0
2020-11-26,DEU,62.04,1017830.0
2020-11-27,DEU,62.04,1038649.0
2020-11-28,DEU,62.04,1052494.0
2020-11-29,DEU,62.04,1055691.0
2020-11-30,DEU,67.59,1069912.0
2020-12-01,DEU,67.59,1094678.0
2020-12-02,DEU,67.59,1117953.0
2020-12-03,DEU,67.59,1141544.0
2020-12-04,DEU,67.59,1157514.0
2020-12-05,DEU,67.59,1183640.0
2020-12-06,DEU,67.59,1194550.0
2020-12-07,DEU,67.59,1200006.0
2020-12-08,DEU,67.59,1229269.0
2020-12-09,DEU,67.59,1254358.0
2020-12-10,DEU,67.59,1287092.0
2020-12-11,DEU,67.59,1314309.0
2020-12-12,DEU,67.59,1336101.0
2020-12-13,DEU,67.59,1350810.0
2020-12-14,DEU,67.59,1357261.0
2020-12-15,DEU,75.0,1391086.0
2020-12-16,DEU,82.41,1423830.0
2020-12-17,DEU,82.41,1454009.0
2020-12-18,DEU,82.41,1486839.0
2020-12-19,DEU,82.41,1508518.0
2020-12-20,DEU,82.41,1514962.0
2020-12-21,DEU,82.41,1534218.0
2020-12-22,DEU,82.41,1570371.0
2020-12-23,DEU,82.41,1604129.0
2020-12-24,DEU,82.41,1630596.0
2020-12-25,DEU,82.41,1632736.0
2020-12-26,DEU,82.41,1646240.0
2020-12-27,DEU,82.41,1658639.0
2020-12-28,DEU,82.41,1672643.0
2020-12-29,DEU,82.41,1692109.0
2020-12-30,DEU,82.41,1741153.0
2020-12-31,DEU,82.41,1760520.0
2021-01-01,DEU,82.41,1762637.0
2021-01-02,DEU,82.41,1773540.0
2021-01-03,DEU,82.41,1783896.0
2021-01-04,DEU,82.41,1796216.0
2021-01-05,DEU,85.19,1814565.0
2021-01-06,DEU,85.19,1841228.0
2021-01-07,DEU,85.19,1886561.0
2021-01-08,DEU,85.19,1905638.0
2021-01-09,DEU,85.19,1928462.0
2021-01-10,DEU,83.33,1929410.0
2021-01-11,DEU,83.33,1941116.0
2021-01-12,DEU,83.33,1968326.0
2021-01-13,DEU,83.33,1993892.0
2021-01-14,DEU,83.33,2015235.0
2021-01-15,DEU,83.33,2023828.0
2021-01-16,DEU,83.33,2038645.0
2021-01-17,DEU,83.33,2050129.0
2021-01-18,DEU,83.33,2059382.0
2021-01-19,DEU,83.33,2071615.0
2021-01-20,DEU,83.33,2100618.0
2021-01-21,DEU,83.33,2108895.0
2021-01-22,DEU,83.33,2125261.0
2021-01-23,DEU,83.33,2137691.0
2021-01-24,DEU,83.33,2147769.0
2021-01-25,DEU,83.33,2154656.0
2021-01-26,DEU,83.33,2164043.0
2021-01-27,DEU,83.33,2179679.0
2021-01-28,DEU,83.33,2194562.0
2021-01-29,DEU,83.33,2207393.0
2021-01-30,DEU,83.33,2224911.0
2021-01-31,DEU,83.33,2225659.0
2021-02-01,DEU,83.33,2232327.0
2021-02-02,DEU,83.33,2240017.0
2021-02-03,DEU,83.33,2252504.0
2021-02-04,DEU,83.33,2265536.0
2021-02-05,DEU,83.33,2276371.0
2021-02-06,DEU,83.33,2285003.0
2021-02-07,DEU,83.33,2291673.0
2021-02-08,DEU,83.33,2296323.0
2021-02-09,DEU,83.33,2302051.0
2021-02-10,DEU,83.33,2311297.0
2021-02-11,DEU,83.33,2321225.0
2021-02-12,DEU,83.33,2330422.0
2021-02-13,DEU,83.33,2336906.0
2021-02-14,DEU,83.33,2341744.0
2021-02-15,DEU,83.33,2346876.0
2021-02-16,DEU,83.33,2352766.0
2021-02-17,DEU,83.33,2362364.0
2021-02-18,DEU,83.33,2372209.0
2021-02-19,DEU,83.33,2381259.0
2021-02-20,DEU,83.33,2388421.0
2021-02-21,DEU,83.33,2394515.0
2021-02-22,DEU,81.48,2399499.0
2021-02-23,DEU,81.48,2405263.0
2021-02-24,DEU,81.48,2416037.0
2021-02-25,DEU,81.48,2427069.0
2021-02-26,DEU,81.48,2436506.0
2021-02-27,DEU,81.48,2444177.0
2021-02-28,DEU,81.48,2450295.0
2021-03-01,DEU,77.78,2455569.0
2021-03-02,DEU,77.78,2462061.0
2021-03-03,DEU,77.78,2472913.0
2021-03-04,DEU,77.78,2484306.0
2021-03-05,DEU,77.78,2493887.0
2021-03-06,DEU,77.78,2502151.0
2021-03-07,DEU,77.78,2508655.0
2021-03-08,DEU,77.78,2513784.0
2021-03-09,DEU,77.78,2520618.0
2021-03-10,DEU,77.78,2541781.0
2021-03-11,DEU,77.78,2546526.0
2021-03-12,DEU,77.78,2559296.0
2021-03-13,DEU,77.78,2569864.0
2021-03-14,DEU,77.78,2578842.0
2021-03-15,DEU,77.78,2585385.0
2021-03-16,DEU,77.78,2603064.0
2021-03-17,DEU,77.78,2610769.0
2021-03-18,DEU,77.78,2639258.0
2021-03-19,DEU,77.78,2654734.0
2021-03-20,DEU,75.0,2669233.0
2021-03-21,DEU,75.0,2670001.0
2021-03-22,DEU,75.0,2678262.0
2021-03-23,DEU,75.0,2699231.0
2021-03-24,DEU,75.0,2722988.0
2021-03-25,DEU,75.0,2744608.0
2021-03-26,DEU,75.0,2765297.0
2021-03-27,DEU,75.0,2782925.0
2021-03-28,DEU,75.0,2784652.0
2021-03-29,DEU,75.0,2794949.0
2021-03-30,DEU,75.0,2818630.0
2021-03-31,DEU,75.0,2843644.0
2021-04-01,DEU,75.0,2866323.0
2021-04-02,DEU,75.0,2882356.0
2021-04-03,DEU,75.0,2886029.0
2021-04-04,DEU,75.0,2896329.0
2021-04-05,DEU,75.0,2902309.0
2021-04-06,DEU,75.0,2909902.0
2021-04-07,DEU,75.0,2940279.0
2021-04-08,DEU,75.0,2966789.0
2021-04-09,DEU,75.0,2990724.0
2021-04-10,DEU,75.0,3009452.0
2021-04-11,DEU,75.0,3012158.0
2021-04-12,DEU,75.0,3024604.0
2021-04-13,DEU,75.0,3054025.0
2021-04-14,DEU,75.0,3085142.0
2021-04-15,DEU,75.0,3110252.0
2021-04-16,DEU,75.0,3134108.0
2021-04-17,DEU,75.0,3154305.0
2021-04-18,DEU,75.0,3155522.0
2021-04-19,DEU,75.0,3167137.0
2021-04-20,DEU,75.0,3198534.0
2021-04-21,DEU,75.0,3222888.0
2021-04-22,DEU,75.0,3254609.0
2021-04-23,DEU,75.0,3276871.0
2021-04-24,DEU,75.0,3291293.0
2021-04-25,DEU,75.0,3306692.0
2021-04-26,DEU,75.0,3312653.0
2021-04-27,DEU,75.0,3338564.0
2021-04-28,DEU,75.0,3366827.0
2021-04-29,DEU,75.0,3391039.0
2021-04-30,DEU,75.0,3405365.0
2021-05-01,DEU,75.0,3423900.0
2021-05-02,DEU,75.0,3432676.0
2021-05-03,DEU,75.0,3438186.0
2021-05-04,DEU,75.0,3462297.0
2021-05-05,DEU,75.0,3484755.0
2021-05-06,DEU,75.0,3502672.0
2021-05-07,DEU,75.0,3517762.0
2021-05-08,DEU,75.0,3530887.0
2021-05-09,DEU,75.0,3530887.0
2021-05-10,DEU,75.0,3538208.0
2021-05-11,DEU,75.0,3557904.0
2021-05-12,DEU,75.0,3564494.0
2021-05-13,DEU,75.0,3578125.0
2021-05-14,DEU,75.0,3588502.0
2021-05-15,DEU,75.0,3595872.0
2021-05-16,DEU,75.0,3602939.0
2021-05-17,DEU,75.0,3608320.0
2021-05-18,DEU,75.0,3615896.0
2021-05-19,DEU,75.0,3627777.0
2021-05-20,DEU,75.0,3638504.0
2021-05-21,DEU,75.0,3646600.0
2021-05-22,DEU,,3653019.0
2021-05-23,DEU,75.0,3657662.0
2021-05-24,DEU,75.0,3659990.0
2021-05-25,DEU,75.0,3662568.0
2021-05-26,DEU,75.0,3667041.0
2021-05-27,DEU,75.0,3673990.0
2021-05-28,DEU,75.0,3680159.0
2021-05-29,DEU,75.0,
2020-02-26,FRA,13.89,18.0
2020-02-27,FRA,13.89,38.0
2020-02-28,FRA,13.89,57.0
2020-02-29,FRA,34.72,100.0
2020-03-01,FRA,34.72,130.0
2020-03-02,FRA,43.98,191.0
2020-03-03,FRA,43.98,212.0
2020-03-04,FRA,43.98,285.0
2020-03-05,FRA,43.98,423.0
2020-03-06,FRA,43.98,613.0
2020-03-07,FRA,43.98,938.0
2020-03-08,FRA,43.98,1115.0
2020-03-09,FRA,43.98,1401.0
2020-03-10,FRA,43.98,1773.0
2020-03-11,FRA,43.98,2281.0
2020-03-12,FRA,43.98,2281.0
2020-03-13,FRA,43.98,3661.0
2020-03-14,FRA,49.54,4469.0
2020-03-15,FRA,49.54,4499.0
2020-03-16,FRA,56.94,6633.0
2020-03-17,FRA,87.96,7652.0
2020-03-18,FRA,87.96,9043.0
2020-03-19,FRA,87.96,10871.0
2020-03-20,FRA,87.96,12612.0
2020-03-21,FRA,87.96,14282.0
2020-03-22,FRA,87.96,16533.0
2020-03-23,FRA,87.96,19856.0
2020-03-24,FRA,87.96,22054.0
2020-03-25,FRA,87.96,24967.0
2020-03-26,FRA,87.96,28856.0
2020-03-27,FRA,87.96,32609.0
2020-03-28,FRA,87.96,37162.0
2020-03-29,FRA,87.96,39761.0
2020-03-30,FRA,87.96,44029.0
2020-03-31,FRA,87.96,51579.0
2020-04-01,FRA,87.96,56362.0
2020-04-02,FRA,87.96,58404.0
2020-04-03,FRA,87.96,63588.0
2020-04-04,FRA,87.96,46483.0
2020-04-05,FRA,87.96,47299.0
2020-04-06,FRA,87.96,49934.0
2020-04-07,FRA,87.96,46400.0
2020-04-08,FRA,87.96,50242.0
2020-04-09,FRA,87.96,54003.0
2020-04-10,FRA,87.96,55538.0
2020-04-11,FRA,87.96,56972.0
2020-04-12,FRA,87.96,107712.0
2020-04-13,FRA,87.96,110836.0
2020-04-14,FRA,87.96,128272.0
2020-04-15,FRA,87.96,131476.0
2020-04-16,FRA,87.96,144035.0
2020-04-17,FRA,87.96,145896.0
2020-04-18,FRA,87.96,149683.0
2020-04-19,FRA,87.96,150752.0
2020-04-20,FRA,87.96,153197.0
2020-04-21,FRA,87.96,155821.0
2020-04-22,FRA,87.96,157603.0
2020-04-23,FRA,87.96,155881.0
2020-04-24,FRA,87.96,158653.0
2020-04-25,FRA,87.96,160295.0
2020-04-26,FRA,87.96,160907.0
2020-04-27,FRA,87.96,164592.0
2020-04-28,FRA,87.96,167650.0
2020-04-29,FRA,87.96,166193.0
2020-04-30,FRA,87.96,167326.0
2020-05-01,FRA,87.96,167846.0
2020-05-02,FRA,87.96,168637.0
2020-05-03,FRA,87.96,168887.0
2020-05-04,FRA,87.96,169405.0
2020-05-05,FRA,87.96,170467.0
2020-05-06,FRA,87.96,174596.0
2020-05-07,FRA,87.96,175218.0
2020-05-08,FRA,87.96,175743.0
2020-05-09,FRA,87.96,176132.0
2020-05-10,FRA,87.96,176338.0
2020-05-11,FRA,76.85,176651.0
2020-05-12,FRA,76.85,177330.0
2020-05-13,FRA,76.85,177790.0
2020-05-14,FRA,76.85,178353.0
2020-05-15,FRA,76.85,178837.0
2020-05-16,FRA,76.85,179140.0
2020-05-17,FRA,76.85,179250.0
2020-05-18,FRA,76.85,179650.0
2020-05-19,FRA,76.85,180143.0
2020-05-20,FRA,76.85,180499.0
2020-05-21,FRA,76.85,180752.0
2020-05-22,FRA,76.85,181444.0
2020-05-23,FRA,76.85,181969.0
2020-05-24,FRA,76.85,181410.0
2020-05-25,FRA,76.85,181684.0
2020-05-26,FRA,75.0,181880.0
2020-05-27,FRA,75.0,182018.0
2020-05-28,FRA,75.0,185300.0
2020-05-29,FRA,75.0,185842.0
2020-05-30,FRA,75.0,187608.0
2020-05-31,FRA,75.0,187817.0
2020-06-01,FRA,75.0,187986.0
2020-06-02,FRA,72.22,187265.0
2020-06-03,FRA,72.22,184015.0
2020-06-04,FRA,72.22,188286.0
2020-06-05,FRA,72.22,188808.0
2020-06-06,FRA,72.22,189330.0
2020-06-07,FRA,72.22,189621.0
2020-06-08,FRA,72.22,189782.0
2020-06-09,FRA,72.22,190266.0
2020-06-10,FRA,72.22,190743.0
2020-06-11,FRA,72.22,191040.0
2020-06-12,FRA,72.22,191679.0
2020-06-13,FRA,72.22,192043.0
2020-06-14,FRA,72.22,192317.0
2020-06-15,FRA,72.22,192369.0
2020-06-16,FRA,72.22,192915.0
2020-06-17,FRA,72.22,193256.0
2020-06-18,FRA,72.22,193576.0
2020-06-19,FRA,72.22,194121.0
2020-06-20,FRA,72.22,194535.0
2020-06-21,FRA,72.22,194599.0
2020-06-22,FRA,51.85,194693.0
2020-06-23,FRA,51.85,195256.0
2020-06-24,FRA,51.85,195256.0
2020-06-25,FRA,51.85,195256.0
2020-06-26,FRA,51.85,196267.0
2020-06-27,FRA,51.85,196521.0
2020-06-28,FRA,51.85,196111.0
2020-06-29,FRA,51.85,196390.0
2020-06-30,FRA,51.85,196554.0
2020-07-01,FRA,51.85,197238.0
2020-07-02,FRA,51.85,197591.0
2020-07-03,FRA,51.85,197994.0
2020-07-04,FRA,51.85,197994.0
2020-07-05,FRA,51.85,197994.0
2020-07-06,FRA,51.85,198850.0
2020-07-07,FRA,51.85,199170.0
2020-07-08,FRA,51.85,199699.0
2020-07-09,FRA,51.85,200027.0
2020-07-10,FRA,51.85,200569.0
2020-07-11,FRA,46.3,200569.0
2020-07-12,FRA,46.3,200569.0
2020-07-13,FRA,46.3,201755.0
2020-07-14,FRA,46.3,201755.0
2020-07-15,FRA,46.3,202383.0
2020-07-16,FRA,46.3,202819.0
2020-07-17,FRA,46.3,203516.0
2020-07-18,FRA,46.3,203516.0
2020-07-19,FRA,46.3,203516.0
2020-07-20,FRA,46.3,205308.0
2020-07-21,FRA,46.3,205773.0
2020-07-22,FRA,46.3,206641.0
2020-07-23,FRA,46.3,207650.0
2020-07-24,FRA,46.3,208553.0
2020-07-25,FRA,46.3,208553.0
2020-07-26,FRA,46.3,208553.0
2020-07-27,FRA,46.3,210821.0
2020-07-28,FRA,46.3,211337.0
2020-07-29,FRA,46.3,212676.0
2020-07-30,FRA,46.3,213927.0
2020-07-31,FRA,46.3,215135.0
2020-08-01,FRA,46.3,215135.0
2020-08-02,FRA,46.3,215135.0
2020-08-03,FRA,46.3,218351.0
2020-08-04,FRA,46.3,219253.0
2020-08-05,FRA,46.3,220874.0
2020-08-06,FRA,46.3,222398.0
2020-08-07,FRA,46.3,224602.0
2020-08-08,FRA,46.3,224602.0
2020-08-09,FRA,46.3,224602.0
2020-08-10,FRA,46.3,229203.0
2020-08-11,FRA,46.3,230540.0
2020-08-12,FRA,46.3,232966.0
2020-08-13,FRA,46.3,235540.0
2020-08-14,FRA,48.15,238240.0
2020-08-15,FRA,48.15,241371.0
2020-08-16,FRA,48.15,244335.0
2020-08-17,FRA,48.15,244761.0
2020-08-18,FRA,48.15,246821.0
2020-08-19,FRA,48.15,250539.0
2020-08-20,FRA,48.15,255214.0
2020-08-21,FRA,48.15,259717.0
2020-08-22,FRA,48.15,263129.0
2020-08-23,FRA,48.15,267589.0
2020-08-24,FRA,48.15,269452.0
2020-08-25,FRA,48.15,272643.0
2020-08-26,FRA,48.15,272643.0
2020-08-27,FRA,48.15,283698.0
2020-08-28,FRA,48.15,290929.0
2020-08-29,FRA,48.15,296265.0
2020-08-30,FRA,48.15,301554.0
2020-08-31,FRA,48.15,304349.0
2020-09-01,FRA,46.76,309247.0
2020-09-02,FRA,46.76,316047.0
2020-09-03,FRA,48.61,322935.0
2020-09-04,FRA,48.61,331578.0
2020-09-05,FRA,48.61,340013.0
2020-09-06,FRA,48.61,346921.0
2020-09-07,FRA,48.61,351017.0
2020-09-08,FRA,48.61,357473.0
2020-09-09,FRA,48.61,365025.0
2020-09-10,FRA,48.61,374586.0
2020-09-11,FRA,48.61,383854.0
2020-09-12,FRA,48.61,394270.0
2020-09-13,FRA,48.61,400533.0
2020-09-14,FRA,48.61,406609.0
2020-09-15,FRA,48.61,414196.0
2020-09-16,FRA,48.61,423924.0
2020-09-17,FRA,48.61,433871.0
2020-09-18,FRA,48.61,446961.0
2020-09-19,FRA,48.61,460328.0
2020-09-20,FRA,48.61,470864.0
2020-09-21,FRA,48.61,476162.0
2020-09-22,FRA,46.76,485929.0
2020-09-23,FRA,46.76,497914.0
2020-09-24,FRA,46.76,513732.0
2020-09-25,FRA,46.76,529501.0
2020-09-26,FRA,49.54,543688.0
2020-09-27,FRA,49.54,554304.0
2020-09-28,FRA,49.54,558374.0
2020-09-29,FRA,49.54,566196.0
2020-09-30,FRA,49.54,578769.0
2020-10-01,FRA,49.54,591783.0
2020-10-02,FRA,49.54,603920.0
2020-10-03,FRA,49.54,620330.0
2020-10-04,FRA,49.54,632834.0
2020-10-05,FRA,49.54,637918.0
2020-10-06,FRA,49.54,648116.0
2020-10-07,FRA,49.54,666849.0
2020-10-08,FRA,49.54,684164.0
2020-10-09,FRA,49.54,704478.0
2020-10-10,FRA,43.98,731155.0
2020-10-11,FRA,43.98,747092.0
2020-10-12,FRA,43.98,755597.0
2020-10-13,FRA,43.98,768380.0
2020-10-14,FRA,43.98,790959.0
2020-10-15,FRA,43.98,820685.0
2020-10-16,FRA,43.98,845740.0
2020-10-17,FRA,49.54,877840.0
2020-10-18,FRA,49.54,907677.0
2020-10-19,FRA,49.54,920916.0
2020-10-20,FRA,49.54,941085.0
2020-10-21,FRA,49.54,967717.0
2020-10-22,FRA,49.54,1008483.0
2020-10-23,FRA,49.54,1050468.0
2020-10-24,FRA,49.54,1095708.0
2020-10-25,FRA,49.54,1102262.0
2020-10-26,FRA,49.54,1174279.0
2020-10-27,FRA,49.54,1207430.0
2020-10-28,FRA,49.54,1243855.0
2020-10-29,FRA,49.54,1290446.0
2020-10-30,FRA,78.7,1339640.0
2020-10-31,FRA,78.7,1374691.0
2020-11-01,FRA,78.7,1420870.0
2020-11-02,FRA,78.7,1525184.0
2020-11-03,FRA,78.7,1597139.0
2020-11-04,FRA,78.7,1549838.0
2020-11-05,FRA,78.7,1607147.0
2020-11-06,FRA,78.7,1667604.0
2020-11-07,FRA,78.7,1754202.0
2020-11-08,FRA,78.7,1792764.0
2020-11-09,FRA,78.7,1812919.0
2020-11-10,FRA,78.7,1834515.0
2020-11-11,FRA,78.7,1870380.0
2020-11-12,FRA,78.7,1902644.0
2020-11-13,FRA,78.7,1926314.0
2020-11-14,FRA,78.7,1958235.0
2020-11-15,FRA,78.7,1985427.0
2020-11-16,FRA,78.7,1994728.0
2020-11-17,FRA,78.7,2039938.0
2020-11-18,FRA,78.7,2068297.0
2020-11-19,FRA,78.7,2088784.0
2020-11-20,FRA,78.7,2111646.0
2020-11-21,FRA,78.7,2129287.0
2020-11-22,FRA,78.7,2142417.0
2020-11-23,FRA,78.7,2146869.0
2020-11-24,FRA,78.7,2155722.0
2020-11-25,FRA,78.7,2171967.0
2020-11-26,FRA,78.7,2184846.0
2020-11-27,FRA,78.7,2197283.0
2020-11-28,FRA,75.0,2209739.0
2020-11-29,FRA,75.0,2219502.0
2020-11-30,FRA,75.0,2223393.0
2020-12-01,FRA,75.0,2231344.0
2020-12-02,FRA,75.0,2245324.0
2020-12-03,FRA,75.0,2257894.0
2020-12-04,FRA,75.0,2269080.0
2020-12-05,FRA,75.0,2281889.0
2020-12-06,FRA,75.0,2292838.0
2020-12-07,FRA,75.0,2296249.0
2020-12-08,FRA,75.0,2309760.0
2020-12-09,FRA,75.0,2324300.0
2020-12-10,FRA,75.0,2337594.0
2020-12-11,FRA,75.0,2350923.0
2020-12-12,FRA,75.0,2364740.0
2020-12-13,FRA,75.0,2376228.0
2020-12-14,FRA,75.0,2379291.0
2020-12-15,FRA,63.89,2390419.0
2020-12-16,FRA,63.89,2407983.0
2020-12-17,FRA,63.89,2426063.0
2020-12-18,FRA,63.89,2441737.0
2020-12-19,FRA,63.89,2458839.0
2020-12-20,FRA,63.89,2471458.0
2020-12-21,FRA,63.89,2477255.0
2020-12-22,FRA,63.89,2488889.0
2020-12-23,FRA,63.89,2503693.0
2020-12-24,FRA,63.89,2525234.0
2020-12-25,FRA,63.89,2545358.0
2020-12-26,FRA,63.89,2548388.0
2020-12-27,FRA,63.89,2556621.0
2020-12-28,FRA,63.89,2559575.0
2020-12-29,FRA,63.89,2570767.0
2020-12-30,FRA,63.89,2597124.0
2020-12-31,FRA,63.89,2616902.0
2021-01-01,FRA,63.89,2636045.0
2021-01-02,FRA,63.89,2639404.0
2021-01-03,FRA,63.89,2651893.0
2021-01-04,FRA,63.89,2655915.0
2021-01-05,FRA,63.89,2676195.0
2021-01-06,FRA,63.89,2701215.0
2021-01-07,FRA,63.89,2722728.0
2021-01-08,FRA,63.89,2742349.0
2021-01-09,FRA,63.89,2762120.0
2021-01-10,FRA,63.89,2777921.0
2021-01-11,FRA,63.89,2781503.0
2021-01-12,FRA,63.89,2800770.0
2021-01-13,FRA,63.89,2824473.0
2021-01-14,FRA,63.89,2845701.0
2021-01-15,FRA,63.89,2866413.0
2021-01-16,FRA,63.89,2887532.0
2021-01-17,FRA,63.89,2903975.0
2021-01-18,FRA,63.89,2907711.0
2021-01-19,FRA,63.89,2931050.0
2021-01-20,FRA,63.89,2957547.0
2021-01-21,FRA,63.89,2979915.0
2021-01-22,FRA,63.89,3002910.0
2021-01-23,FRA,63.89,3026320.0
2021-01-24,FRA,63.89,3044358.0
2021-01-25,FRA,60.19,3048598.0
2021-01-26,FRA,60.19,3070458.0
2021-01-27,FRA,60.19,3097374.0
2021-01-28,FRA,60.19,3120634.0
2021-01-29,FRA,60.19,3143417.0
2021-01-30,FRA,60.19,3167274.0
2021-01-31,FRA,60.19,3186354.0
2021-02-01,FRA,60.19,3190701.0
2021-02-02,FRA,60.19,3213360.0
2021-02-03,FRA,60.19,3239256.0
2021-02-04,FRA,60.19,3238798.0
2021-02-05,FRA,60.19,3284085.0
2021-02-06,FRA,60.19,3303273.0
2021-02-07,FRA,60.19,3322988.0
2021-02-08,FRA,60.19,3327305.0
2021-02-09,FRA,60.19,3345558.0
2021-02-10,FRA,60.19,3370645.0
2021-02-11,FRA,60.19,3390952.0
2021-02-12,FRA,60.19,3410996.0
2021-02-13,FRA,60.19,3431805.0
2021-02-14,FRA,60.19,3447518.0
2021-02-15,FRA,60.19,3451894.0
2021-02-16,FRA,60.19,3471268.0
2021-02-17,FRA,60.19,3495775.0
2021-02-18,FRA,60.19,3517177.0
2021-02-19,FRA,60.19,3541282.0
2021-02-20,FRA,60.19,3562707.0
2021-02-21,FRA,60.19,3584326.0
2021-02-22,FRA,60.19,3588972.0
2021-02-23,FRA,60.19,3608271.0
2021-02-24,FRA,60.19,3639501.0
2021-02-25,FRA,60.19,3664050.0
2021-02-26,FRA,70.37,3689034.0
2021-02-27,FRA,70.37,3712474.0
2021-02-28,FRA,70.37,3732426.0
2021-03-01,FRA,70.37,3736390.0
2021-03-02,FRA,60.19,3759247.0
2021-03-03,FRA,60.19,3785326.0
2021-03-04,FRA,60.19,3810605.0
2021-03-05,FRA,70.37,3833572.0
2021-03-06,FRA,70.37,3856182.0
2021-03-07,FRA,70.37,3878007.0
2021-03-08,FRA,70.37,3883334.0
2021-03-09,FRA,62.04,3906363.0
2021-03-10,FRA,62.04,3935990.0
2021-03-11,FRA,62.04,3963156.0
2021-03-12,FRA,62.04,3988194.0
2021-03-13,FRA,70.37,4017844.0
2021-03-14,FRA,70.37,4043769.0
2021-03-15,FRA,62.04,4050010.0
2021-03-16,FRA,62.04,4080012.0
2021-03-17,FRA,62.04,4117650.0
2021-03-18,FRA,62.04,4152604.0
2021-03-19,FRA,70.37,4187630.0
2021-03-20,FRA,70.37,4222935.0
2021-03-21,FRA,70.37,4252919.0
2021-03-22,FRA,70.37,4268711.0
2021-03-23,FRA,70.37,4283389.0
2021-03-24,FRA,70.37,4347614.0
2021-03-25,FRA,70.37,4393255.0
2021-03-26,FRA,68.52,4434884.0
2021-03-27,FRA,68.52,4477503.0
2021-03-28,FRA,68.52,4513685.0
2021-03-29,FRA,68.52,4522779.0
2021-03-30,FRA,68.52,4553481.0
2021-03-31,FRA,68.52,4611392.0
2021-04-01,FRA,68.52,4661841.0
2021-04-02,FRA,68.52,4708648.0
2021-04-03,FRA,72.22,4707488.0
2021-04-04,FRA,72.22,4788117.0
2021-04-05,FRA,75.0,4799078.0
2021-04-06,FRA,78.7,4807123.0
2021-04-07,FRA,78.7,4807123.0
2021-04-08,FRA,78.7,4903965.0
2021-04-09,FRA,78.7,4903965.0
2021-04-10,FRA,78.7,4903965.0
2021-04-11,FRA,78.7,5021865.0
2021-04-12,FRA,78.7,5030401.0
2021-04-13,FRA,78.7,5068534.0
2021-04-14,FRA,78.7,5111882.0
2021-04-15,FRA,78.7,5149776.0
2021-04-16,FRA,78.7,5186109.0
2021-04-17,FRA,78.7,5221888.0
2021-04-18,FRA,78.7,5249622.0
2021-04-19,FRA,78.7,5256318.0
2021-04-20,FRA,78.7,5300321.0
2021-04-21,FRA,78.7,5334144.0
2021-04-22,FRA,78.7,5367544.0
2021-04-23,FRA,78.7,5399600.0
2021-04-24,FRA,78.7,5432085.0
2021-04-25,FRA,78.7,5456417.0
2021-04-26,FRA,78.7,5460793.0
2021-04-27,FRA,78.7,5490025.0
2021-04-28,FRA,78.7,5521227.0
2021-04-29,FRA,78.7,5547670.0
2021-04-30,FRA,78.7,5571804.0
2021-05-01,FRA,78.7,5597295.0
2021-05-02,FRA,78.7,5605532.0
2021-05-03,FRA,63.89,5609292.0
2021-05-04,FRA,63.89,5633509.0
2021-05-05,FRA,63.89,5658254.0
2021-05-06,FRA,63.89,5679730.0
2021-05-07,FRA,63.89,5698706.0
2021-05-08,FRA,63.89,5718165.0
2021-05-09,FRA,63.89,5727293.0
2021-05-10,FRA,63.89,5730585.0
2021-05-11,FRA,63.89,5750098.0
2021-05-12,FRA,63.89,5770128.0
2021-05-13,FRA,63.89,5789589.0
2021-05-14,FRA,63.89,5796058.0
2021-05-15,FRA,63.89,5811711.0
2021-05-16,FRA,63.89,5825659.0
2021-05-17,FRA,63.89,5829009.0
2021-05-18,FRA,63.89,5845010.0
2021-05-19,FRA,54.63,5863138.0
2021-05-20,FRA,54.63,5514022.0
2021-05-21,FRA,54.63,5526555.0
2021-05-22,FRA,54.63,5538938.0
2021-05-23,FRA,54.63,5547914.0
2021-05-24,FRA,54.63,5550143.0
2021-05-25,FRA,54.63,5552977.0
2021-05-26,FRA,54.63,5564217.0
2021-05-27,FRA,54.63,5578150.0
2021-05-28,FRA,54.63,5588981.0
2021-05-29,FRA,54.63,
2020-02-26,GBR,11.11,37.0
2020-02-27,GBR,11.11,44.0
2020-02-28,GBR,11.11,56.0
2020-02-29,GBR,11.11,61.0
2020-03-01,GBR,11.11,94.0
2020-03-02,GBR,11.11,134.0
2020-03-03,GBR,11.11,189.0
2020-03-04,GBR,11.11,245.0
2020-03-05,GBR,11.11,294.0
2020-03-06,GBR,11.11,373.0
2020-03-07,GBR,11.11,428.0
2020-03-08,GBR,11.11,482.0
2020-03-09,GBR,11.11,629.0
2020-03-10,GBR,11.11,887.0
2020-03-11,GBR,11.11,1298.0
2020-03-12,GBR,11.11,1787.0
2020-03-13,GBR,12.96,2266.0
2020-03-14,GBR,12.96,2630.0
2020-03-15,GBR,12.96,3072.0
2020-03-16,GBR,16.67,3684.0
2020-03-17,GBR,22.22,4452.0
2020-03-18,GBR,31.48,5451.0
2020-03-19,GBR,31.48,6506.0
2020-03-20,GBR,37.04,7760.0
2020-03-21,GBR,47.22,8957.0
2020-03-22,GBR,62.04,10333.0
2020-03-23,GBR,78.24,12668.0
2020-03-24,GBR,79.63,15039.0
2020-03-25,GBR,79.63,17732.0
2020-03-26,GBR,79.63,20816.0
2020-03-27,GBR,79.63,24017.0
2020-03-28,GBR,79.63,26839.0
2020-03-29,GBR,79.63,29696.0
2020-03-30,GBR,79.63,33969.0
2020-03-31,GBR,79.63,38484.0
2020-04-01,GBR,79.63,43398.0
2020-04-02,GBR,79.63,48263.0
2020-04-03,GBR,79.63,53178.0
2020-04-04,GBR,79.63,57198.0
2020-04-05,GBR,79.63,60792.0
2020-04-06,GBR,79.63,66067.0
2020-04-07,GBR,79.63,71517.0
2020-04-08,GBR,79.63,76646.0
2020-04-09,GBR,79.63,81498.0
2020-04-10,GBR,79.63,85813.0
2020-04-11,GBR,79.63,89390.0
2020-04-12,GBR,79.63,92885.0
2020-04-13,GBR,79.63,97068.0
2020-04-14,GBR,79.63,101393.0
2020-04-15,GBR,79.63,106458.0
2020-04-16,GBR,79.63,111756.0
2020-04-17,GBR,79.63,116721.0
2020-04-18,GBR,79.63,121437.0
2020-04-19,GBR,79.63,125289.0
2020-04-20,GBR,79.63,130147.0
2020-04-21,GBR,79.63,134907.0
2020-04-22,GBR,79.63,140397.0
2020-04-23,GBR,79.63,145540.0
2020-04-24,GBR,79.63,150513.0
2020-04-25,GBR,79.63,154261.0
2020-04-26,GBR,79.63,157729.0
2020-04-27,GBR,79.63,162431.0
2020-04-28,GBR,79.63,167152.0
2020-04-29,GBR,79.63,172587.0
2020-04-30,GBR,79.63,177543.0
2020-05-01,GBR,79.63,182270.0
2020-05-02,GBR,79.63,185491.0
2020-05-03,GBR,79.63,188465.0
2020-05-04,GBR,79.63,191843.0
2020-05-05,GBR,79.63,195527.0
2020-05-06,GBR,79.63,199358.0
2020-05-07,GBR,79.63,203125.0
2020-05-08,GBR,79.63,206174.0
2020-05-09,GBR,79.63,208324.0
2020-05-10,GBR,79.63,210645.0
2020-05-11,GBR,77.78,214228.0
2020-05-12,GBR,77.78,217617.0
2020-05-13,GBR,71.3,220915.0
2020-05-14,GBR,71.3,223524.0
2020-05-15,GBR,71.3,226041.0
2020-05-16,GBR,71.3,228106.0
2020-05-17,GBR,71.3,229932.0
2020-05-18,GBR,71.3,232506.0
2020-05-19,GBR,71.3,235547.0
2020-05-20,GBR,71.3,238253.0
2020-05-21,GBR,71.3,240795.0
2020-05-22,GBR,71.3,242825.0
2020-05-23,GBR,71.3,244332.0
2020-05-24,GBR,71.3,245680.0
2020-05-25,GBR,71.3,247287.0
2020-05-26,GBR,71.3,248937.0
2020-05-27,GBR,71.3,250739.0
2020-05-28,GBR,71.3,252473.0
2020-05-29,GBR,69.44,253977.0
2020-05-30,GBR,69.44,255076.0
2020-05-31,GBR,69.44,256145.0
2020-06-01,GBR,67.59,257579.0
2020-06-02,GBR,67.59,259046.0
2020-06-03,GBR,67.59,260388.0
2020-06-04,GBR,67.59,261622.0
2020-06-05,GBR,67.59,262727.0
2020-06-06,GBR,67.59,263518.0
2020-06-07,GBR,67.59,264235.0
2020-06-08,GBR,73.15,265321.0
2020-06-09,GBR,73.15,266474.0
2020-06-10,GBR,73.15,267656.0
2020-06-11,GBR,73.15,268657.0
2020-06-12,GBR,73.15,269710.0
2020-06-13,GBR,73.15,270597.0
2020-06-14,GBR,73.15,271404.0
2020-06-15,GBR,71.3,272430.0
2020-06-16,GBR,71.3,273507.0
2020-06-17,GBR,71.3,274504.0
2020-06-18,GBR,71.3,275524.0
2020-06-19,GBR,71.3,276504.0
2020-06-20,GBR,71.3,277170.0
2020-06-21,GBR,71.3,277792.0
2020-06-22,GBR,71.3,278684.0
2020-06-23,GBR,71.3,279566.0
2020-06-24,GBR,71.3,280340.0
2020-06-25,GBR,71.3,281037.0
2020-06-26,GBR,71.3,281675.0
2020-06-27,GBR,71.3,282308.0
2020-06-28,GBR,71.3,282703.0
2020-06-29,GBR,71.3,283307.0
2020-06-30,GBR,71.3,283710.0
2020-07-01,GBR,71.3,283770.0
2020-07-02,GBR,71.3,283774.0
2020-07-03,GBR,71.3,284276.0
2020-07-04,GBR,69.91,284900.0
2020-07-05,GBR,69.91,285416.0
2020-07-06,GBR,64.35,285768.0
2020-07-07,GBR,64.35,286349.0
2020-07-08,GBR,64.35,286979.0
2020-07-09,GBR,64.35,287621.0
2020-07-10,GBR,64.35,288133.0
2020-07-11,GBR,64.35,288953.0
2020-07-12,GBR,64.35,289603.0
2020-07-13,GBR,64.35,290133.0
2020-07-14,GBR,64.35,291373.0
2020-07-15,GBR,64.35,291911.0
2020-07-16,GBR,64.35,292552.0
2020-07-17,GBR,64.35,293239.0
2020-07-18,GBR,64.35,294066.0
2020-07-19,GBR,64.35,294792.0
2020-07-20,GBR,64.35,295372.0
2020-07-21,GBR,64.35,295817.0
2020-07-22,GBR,64.35,296377.0
2020-07-23,GBR,64.35,297146.0
2020-07-24,GBR,64.35,297914.0
2020-07-25,GBR,64.35,298681.0
2020-07-26,GBR,64.35,299426.0
2020-07-27,GBR,64.35,300111.0
2020-07-28,GBR,64.35,300658.0
2020-07-29,GBR,64.35,301455.0
2020-07-30,GBR,64.35,302301.0
2020-07-31,GBR,64.35,303181.0
2020-08-01,GBR,69.91,303942.0
2020-08-02,GBR,69.91,304685.0
2020-08-03,GBR,69.91,305623.0
2020-08-04,GBR,69.91,306293.0
2020-08-05,GBR,69.91,307184.0
2020-08-06,GBR,69.91,308134.0
2020-08-07,GBR,69.91,309005.0
2020-08-08,GBR,69.91,309763.0
2020-08-09,GBR,69.91,310825.0
2020-08-10,GBR,69.91,311641.0
2020-08-11,GBR,69.91,312789.0
2020-08-12,GBR,69.91,313798.0
2020-08-13,GBR,66.2,314927.0
2020-08-14,GBR,66.2,316367.0
2020-08-15,GBR,66.2,317379.0
2020-08-16,GBR,66.2,318484.0
2020-08-17,GBR,66.2,319197.0
2020-08-18,GBR,66.2,320286.0
2020-08-19,GBR,66.2,321098.0
2020-08-20,GBR,66.2,322280.0
2020-08-21,GBR,66.2,323313.0
2020-08-22,GBR,66.2,324601.0
2020-08-23,GBR,66.2,325642.0
2020-08-24,GBR,66.2,326614.0
2020-08-25,GBR,66.2,327798.0
2020-08-26,GBR,66.2,328846.0
2020-08-27,GBR,66.2,330368.0
2020-08-28,GBR,66.2,331644.0
2020-08-29,GBR,66.2,332752.0
2020-08-30,GBR,66.2,334467.0
2020-08-31,GBR,66.2,335873.0
2020-09-01,GBR,64.35,337168.0
2020-09-02,GBR,64.35,338676.0
2020-09-03,GBR,64.35,340411.0
2020-09-04,GBR,64.35,342351.0
2020-09-05,GBR,64.35,344164.0
2020-09-06,GBR,64.35,347152.0
2020-09-07,GBR,64.35,350100.0
2020-09-08,GBR,64.35,352560.0
2020-09-09,GBR,64.35,355219.0
2020-09-10,GBR,64.35,358138.0
2020-09-11,GBR,64.35,361677.0
2020-09-12,GBR,64.35,365174.0
2020-09-13,GBR,64.35,368504.0
2020-09-14,GBR,65.74,371125.0
2020-09-15,GBR,65.74,374228.0
2020-09-16,GBR,65.74,378219.0
2020-09-17,GBR,65.74,381614.0
2020-09-18,GBR,65.74,385936.0
2020-09-19,GBR,65.74,390358.0
2020-09-20,GBR,65.74,394257.0
2020-09-21,GBR,65.74,398625.0
2020-09-22,GBR,65.74,403551.0
2020-09-23,GBR,65.74,409729.0
2020-09-24,GBR,67.59,416363.0
2020-09-25,GBR,67.59,423236.0
2020-09-26,GBR,67.59,429277.0
2020-09-27,GBR,67.59,434969.0
2020-09-28,GBR,67.59,439013.0
2020-09-29,GBR,67.59,446156.0
2020-09-30,GBR,67.59,453264.0
2020-10-01,GBR,67.59,460178.0
2020-10-02,GBR,67.59,467146.0
2020-10-03,GBR,67.59,480017.0
2020-10-04,GBR,67.59,502978.0
2020-10-05,GBR,67.59,515571.0
2020-10-06,GBR,67.59,530113.0
2020-10-07,GBR,67.59,544275.0
2020-10-08,GBR,67.59,561815.0
2020-10-09,GBR,67.59,575679.0
2020-10-10,GBR,67.59,590844.0
2020-10-11,GBR,67.59,603716.0
2020-10-12,GBR,60.19,617688.0
2020-10-13,GBR,60.19,634920.0
2020-10-14,GBR,60.19,654644.0
2020-10-15,GBR,60.19,673622.0
2020-10-16,GBR,60.19,689257.0
2020-10-17,GBR,60.19,705428.0
2020-10-18,GBR,60.19,722409.0
2020-10-19,GBR,65.74,741212.0
2020-10-20,GBR,65.74,762542.0
2020-10-21,GBR,65.74,789229.0
2020-10-22,GBR,67.59,810467.0
2020-10-23,GBR,75.0,830998.0
2020-10-24,GBR,75.0,854010.0
2020-10-25,GBR,75.0,873800.0
2020-10-26,GBR,75.0,894690.0
2020-10-27,GBR,75.0,917575.0
2020-10-28,GBR,75.0,942275.0
2020-10-29,GBR,75.0,965340.0
2020-10-30,GBR,75.0,989745.0
2020-10-31,GBR,75.0,1011660.0
2020-11-01,GBR,75.0,1034914.0
2020-11-02,GBR,75.0,1053864.0
2020-11-03,GBR,75.0,1073882.0
2020-11-04,GBR,75.0,1099059.0
2020-11-05,GBR,75.0,1123197.0
2020-11-06,GBR,72.22,1146484.0
2020-11-07,GBR,72.22,1171441.0
2020-11-08,GBR,72.22,1192013.0
2020-11-09,GBR,66.67,1213363.0
2020-11-10,GBR,64.81,1233775.0
2020-11-11,GBR,64.81,1256725.0
2020-11-12,GBR,64.81,1290195.0
2020-11-13,GBR,64.81,1317496.0
2020-11-14,GBR,64.81,1344356.0
2020-11-15,GBR,64.81,1369318.0
2020-11-16,GBR,64.81,1390681.0
2020-11-17,GBR,64.81,1410732.0
2020-11-18,GBR,64.81,1430341.0
2020-11-19,GBR,64.81,1453256.0
2020-11-20,GBR,67.59,1473508.0
2020-11-21,GBR,67.59,1493383.0
2020-11-22,GBR,67.59,1512045.0
2020-11-23,GBR,67.59,1527495.0
2020-11-24,GBR,67.59,1538794.0
2020-11-25,GBR,67.59,1557007.0
2020-11-26,GBR,67.59,1574562.0
2020-11-27,GBR,67.59,1589301.0
2020-11-28,GBR,67.59,1605172.0
2020-11-29,GBR,67.59,1617327.0
2020-11-30,GBR,67.59,1629657.0
2020-12-01,GBR,67.59,1643086.0
2020-12-02,GBR,67.59,1659256.0
2020-12-03,GBR,63.89,1674134.0
2020-12-04,GBR,63.89,1690432.0
2020-12-05,GBR,63.89,1705971.0
2020-12-06,GBR,63.89,1723242.0
2020-12-07,GBR,63.89,1737960.0
2020-12-08,GBR,67.59,1750241.0
2020-12-09,GBR,67.59,1766819.0
2020-12-10,GBR,67.59,1787783.0
2020-12-11,GBR,67.59,1809455.0
2020-12-12,GBR,67.59,1830956.0
2020-12-13,GBR,67.59,1849403.0
2020-12-14,GBR,73.15,1869666.0
2020-12-15,GBR,73.15,1888116.0
2020-12-16,GBR,73.15,1913277.0
2020-12-17,GBR,73.15,1948660.0
2020-12-18,GBR,73.15,1977167.0
2020-12-19,GBR,76.85,2004219.0
2020-12-20,GBR,76.85,2040147.0
2020-12-21,GBR,76.85,2073511.0
2020-12-22,GBR,76.85,2110314.0
2020-12-23,GBR,76.85,2149551.0
2020-12-24,GBR,79.63,2188587.0
2020-12-25,GBR,75.46,2221312.0
2020-12-26,GBR,79.63,2256005.0
2020-12-27,GBR,79.63,2288345.0
2020-12-28,GBR,79.63,2329730.0
2020-12-29,GBR,79.63,2382865.0
2020-12-30,GBR,79.63,2432888.0
2020-12-31,GBR,79.63,2488780.0
2021-01-01,GBR,79.63,2542065.0
2021-01-02,GBR,79.63,2599789.0
2021-01-03,GBR,79.63,2654779.0
2021-01-04,GBR,79.63,2713563.0
2021-01-05,GBR,87.96,2774479.0
2021-01-06,GBR,87.96,2836801.0
2021-01-07,GBR,87.96,2889419.0
2021-01-08,GBR,87.96,2957472.0
2021-01-09,GBR,87.96,3017409.0
2021-01-10,GBR,87.96,3072349.0
2021-01-11,GBR,87.96,3118518.0
2021-01-12,GBR,87.96,3164051.0
2021-01-13,GBR,87.96,3211576.0
2021-01-14,GBR,87.96,3260258.0
2021-01-15,GBR,87.96,3316019.0
2021-01-16,GBR,87.96,3357361.0
2021-01-17,GBR,87.96,3395959.0
2021-01-18,GBR,87.96,3433494.0
2021-01-19,GBR,87.96,3466849.0
2021-01-20,GBR,87.96,3505754.0
2021-01-21,GBR,87.96,3543646.0
2021-01-22,GBR,87.96,3583907.0
2021-01-23,GBR,87.96,3617459.0
2021-01-24,GBR,87.96,3647463.0
2021-01-25,GBR,87.96,3669658.0
2021-01-26,GBR,87.96,3689746.0
2021-01-27,GBR,87.96,3715054.0
2021-01-28,GBR,87.96,3743734.0
2021-01-29,GBR,87.96,3772813.0
2021-01-30,GBR,87.96,3796088.0
2021-01-31,GBR,87.96,3817176.0
2021-02-01,GBR,87.96,3835783.0
2021-02-02,GBR,87.96,3852623.0
2021-02-03,GBR,87.96,3871825.0
2021-02-04,GBR,87.96,3892459.0
2021-02-05,GBR,87.96,3911573.0
2021-02-06,GBR,87.96,3929835.0
2021-02-07,GBR,87.96,3945680.0
2021-02-08,GBR,87.96,3959784.0
2021-02-09,GBR,87.96,3972148.0
2021-02-10,GBR,87.96,3985161.0
2021-02-11,GBR,87.96,3998655.0
2021-02-12,GBR,87.96,4013799.0
2021-02-13,GBR,87.96,4027106.0
2021-02-14,GBR,87.96,4038078.0
2021-02-15,GBR,87.96,4047843.0
2021-02-16,GBR,87.96,4058468.0
2021-02-17,GBR,87.96,4071185.0
2021-02-18,GBR,87.96,4083242.0
2021-02-19,GBR,87.96,4095269.0
2021-02-20,GBR,87.96,4105675.0
2021-02-21,GBR,87.96,4115509.0
2021-02-22,GBR,86.11,4126150.0
2021-02-23,GBR,86.11,4134639.0
2021-02-24,GBR,86.11,4144577.0
2021-02-25,GBR,86.11,4154562.0
2021-02-26,GBR,86.11,4163085.0
2021-02-27,GBR,86.11,4170519.0
2021-02-28,GBR,86.11,4176554.0
2021-03-01,GBR,86.11,4182009.0
2021-03-02,GBR,86.11,4188400.0
2021-03-03,GBR,86.11,4194785.0
2021-03-04,GBR,86.11,4201358.0
2021-03-05,GBR,86.11,4207304.0
2021-03-06,GBR,86.11,4213343.0
2021-03-07,GBR,86.11,4218520.0
2021-03-08,GBR,82.41,4223232.0
2021-03-09,GBR,82.41,4228998.0
2021-03-10,GBR,82.41,4234924.0
2021-03-11,GBR,82.41,4241677.0
2021-03-12,GBR,82.41,4248286.0
2021-03-13,GBR,80.56,4253820.0
2021-03-14,GBR,80.56,4258438.0
2021-03-15,GBR,78.7,4263527.0
2021-03-16,GBR,78.7,4268821.0
2021-03-17,GBR,78.7,4274579.0
2021-03-18,GBR,78.7,4280882.0
2021-03-19,GBR,78.7,4285684.0
2021-03-20,GBR,78.7,4291271.0
2021-03-21,GBR,78.7,4296583.0
2021-03-22,GBR,78.7,4301925.0
2021-03-23,GBR,78.7,4307304.0
2021-03-24,GBR,78.7,4312908.0
2021-03-25,GBR,78.7,4319128.0
2021-03-26,GBR,78.7,4325315.0
2021-03-27,GBR,70.37,4329180.0
2021-03-28,GBR,70.37,4333042.0
2021-03-29,GBR,70.37,4337696.0
2021-03-30,GBR,70.37,4341736.0
2021-03-31,GBR,70.37,4345788.0
2021-04-01,GBR,70.37,4350266.0
2021-04-02,GBR,70.37,4353668.0
2021-04-03,GBR,70.37,4357091.0
2021-04-04,GBR,70.37,4359388.0
2021-04-05,GBR,70.37,4362150.0
2021-04-06,GBR,70.37,4364529.0
2021-04-07,GBR,70.37,4367291.0
2021-04-08,GBR,70.37,4370321.0
2021-04-09,GBR,70.37,4365461.0
2021-04-10,GBR,70.37,4368045.0
2021-04-11,GBR,70.37,4369775.0
2021-04-12,GBR,61.11,4373343.0
2021-04-13,GBR,61.11,4375814.0
2021-04-14,GBR,61.11,4378305.0
2021-04-15,GBR,61.11,4380976.0
2021-04-16,GBR,61.11,4383732.0
2021-04-17,GBR,61.11,4385938.0
2021-04-18,GBR,61.11,4387820.0
2021-04-19,GBR,61.11,4390783.0
2021-04-20,GBR,61.11,4393307.0
2021-04-21,GBR,61.11,4395703.0
2021-04-22,GBR,61.11,4398431.0
2021-04-23,GBR,61.11,4401109.0
2021-04-24,GBR,61.11,4403170.0
2021-04-25,GBR,61.11,4404882.0
2021-04-26,GBR,61.11,4406946.0
2021-04-27,GBR,61.11,4409631.0
2021-04-28,GBR,61.11,4411797.0
2021-04-29,GBR,61.11,4414242.0
2021-04-30,GBR,61.11,4416623.0
2021-05-01,GBR,61.11,4418530.0
2021-05-02,GBR,61.11,4420201.0
2021-05-03,GBR,59.72,4421850.0
2021-05-04,GBR,59.72,4423796.0
2021-05-05,GBR,59.72,4425940.0
2021-05-06,GBR,59.72,4428553.0
2021-05-07,GBR,59.72,4431043.0
2021-05-08,GBR,59.72,4433090.0
2021-05-09,GBR,59.72,4434860.0
2021-05-10,GBR,59.72,4437217.0
2021-05-11,GBR,59.72,4439691.0
2021-05-12,GBR,59.72,4441975.0
2021-05-13,GBR,59.72,4444631.0
2021-05-14,GBR,59.72,4446824.0
2021-05-15,GBR,59.72,4448851.0
2021-05-16,GBR,59.72,4450777.0
2021-05-17,GBR,62.5,4452756.0
2021-05-18,GBR,62.5,4450392.0
2021-05-19,GBR,62.5,4452527.0
2021-05-20,GBR,62.5,4455221.0
2021-05-21,GBR,62.5,4457923.0
2021-05-22,GBR,62.5,4460446.0
2021-05-23,GBR,62.5,4462538.0
2021-05-24,GBR,62.5,4464900.0
2021-05-25,GBR,62.5,4467310.0
2021-05-26,GBR,62.5,4470297.0
2021-05-27,GBR,62.5,4473677.0
2021-05-28,GBR,62.5,4477705.0
2021-05-29,GBR,62.5,
2020-02-26,ITA,69.91,453.0
2020-02-27,ITA,69.91,655.0
2020-02-28,ITA,69.91,888.0
2020-02-29,ITA,69.91,1128.0
2020-03-01,ITA,69.91,1694.0
2020-03-02,ITA,69.91,2036.0
2020-03-03,ITA,69.91,2502.0
2020-03-04,ITA,72.69,3089.0
2020-03-05,ITA,74.54,3858.0
2020-03-06,ITA,74.54,4636.0
2020-03-07,ITA,74.54,5883.0
2020-03-08,ITA,74.54,7375.0
2020-03-09,ITA,74.54,9172.0
2020-03-10,ITA,82.41,10149.0
2020-03-11,ITA,85.19,12462.0
2020-03-12,ITA,85.19,15113.0
2020-03-13,ITA,85.19,17660.0
2020-03-14,ITA,85.19,21157.0
2020-03-15,ITA,85.19,24747.0
2020-03-16,ITA,85.19,27980.0
2020-03-17,ITA,85.19,31506.0
2020-03-18,ITA,85.19,35713.0
2020-03-19,ITA,85.19,41035.0
2020-03-20,ITA,91.67,47021.0
2020-03-21,ITA,91.67,53578.0
2020-03-22,ITA,91.67,59138.0
2020-03-23,ITA,91.67,63927.0
2020-03-24,ITA,91.67,69176.0
2020-03-25,ITA,91.67,74386.0
2020-03-26,ITA,91.67,80589.0
2020-03-27,ITA,91.67,86498.0
2020-03-28,ITA,91.67,92472.0
2020-03-29,ITA,91.67,97689.0
2020-03-30,ITA,91.67,101739.0
2020-03-31,ITA,91.67,105792.0
2020-04-01,ITA,91.67,110574.0
2020-04-02,ITA,91.67,115242.0
2020-04-03,ITA,91.67,119827.0
2020-04-04,ITA,91.67,124632.0
2020-04-05,ITA,91.67,128948.0
2020-04-06,ITA,91.67,132547.0
2020-04-07,ITA,91.67,135586.0
2020-04-08,ITA,91.67,139422.0
2020-04-09,ITA,91.67,143626.0
2020-04-10,ITA,87.96,147577.0
2020-04-11,ITA,87.96,152271.0
2020-04-12,ITA,93.52,156363.0
2020-04-13,ITA,93.52,159516.0
2020-04-14,ITA,93.52,162488.0
2020-04-15,ITA,93.52,165155.0
2020-04-16,ITA,93.52,168941.0
2020-04-17,ITA,93.52,172434.0
2020-04-18,ITA,93.52,175925.0
2020-04-19,ITA,93.52,178972.0
2020-04-20,ITA,93.52,181228.0
2020-04-21,ITA,93.52,183957.0
2020-04-22,ITA,93.52,187327.0
2020-04-23,ITA,93.52,189973.0
2020-04-24,ITA,93.52,192994.0
2020-04-25,ITA,93.52,195351.0
2020-04-26,ITA,93.52,197675.0
2020-04-27,ITA,93.52,199414.0
2020-04-28,ITA,93.52,201505.0
2020-04-29,ITA,93.52,203591.0
2020-04-30,ITA,93.52,205463.0
2020-05-01,ITA,93.52,207428.0
2020-05-02,ITA,93.52,209328.0
2020-05-03,ITA,93.52,210717.0
2020-05-04,ITA,68.52,211938.0
2020-05-05,ITA,68.52,213013.0
2020-05-06,ITA,68.52,214457.0
2020-05-07,ITA,68.52,215858.0
2020-05-08,ITA,68.52,217185.0
2020-05-09,ITA,68.52,218268.0
2020-05-10,ITA,68.52,219070.0
2020-05-11,ITA,68.52,219814.0
2020-05-12,ITA,68.52,221216.0
2020-05-13,ITA,68.52,222104.0
2020-05-14,ITA,68.52,223096.0
2020-05-15,ITA,68.52,223885.0
2020-05-16,ITA,72.22,224760.0
2020-05-17,ITA,72.22,225435.0
2020-05-18,ITA,63.89,225886.0
2020-05-19,ITA,63.89,226699.0
2020-05-20,ITA,63.89,227364.0
2020-05-21,ITA,63.89,228006.0
2020-05-22,ITA,63.89,228658.0
2020-05-23,ITA,63.89,229327.0
2020-05-24,ITA,63.89,229858.0
2020-05-25,ITA,63.89,230158.0
2020-05-26,ITA,63.89,230555.0
2020-05-27,ITA,63.89,231139.0
2020-05-28,ITA,63.89,231732.0
2020-05-29,ITA,63.89,232248.0
2020-05-30,ITA,63.89,232664.0
2020-05-31,ITA,63.89,232997.0
2020-06-01,ITA,63.89,233197.0
2020-06-02,ITA,63.89,233515.0
2020-06-03,ITA,52.78,233836.0
2020-06-04,ITA,52.78,234013.0
2020-06-05,ITA,52.78,234531.0
2020-06-06,ITA,52.78,234801.0
2020-06-07,ITA,52.78,234998.0
2020-06-08,ITA,52.78,235278.0
2020-06-09,ITA,52.78,235561.0
2020-06-10,ITA,52.78,235763.0
2020-06-11,ITA,52.78,236142.0
2020-06-12,ITA,52.78,236305.0
2020-06-13,ITA,52.78,236651.0
2020-06-14,ITA,52.78,236989.0
2020-06-15,ITA,58.33,237290.0
2020-06-16,ITA,58.33,237500.0
2020-06-17,ITA,58.33,237828.0
2020-06-18,ITA,58.33,238159.0
2020-06-19,ITA,58.33,238011.0
2020-06-20,ITA,58.33,238275.0
2020-06-21,ITA,58.33,238499.0
2020-06-22,ITA,58.33,238720.0
2020-06-23,ITA,58.33,238833.0
2020-06-24,ITA,58.33,239410.0
2020-06-25,ITA,58.33,239706.0
2020-06-26,ITA,58.33,239961.0
2020-06-27,ITA,58.33,240136.0
2020-06-28,ITA,58.33,240310.0
2020-06-29,ITA,58.33,240436.0
2020-06-30,ITA,58.33,240578.0
2020-07-01,ITA,58.33,240760.0
2020-07-02,ITA,58.33,240961.0
2020-07-03,ITA,58.33,241184.0
2020-07-04,ITA,58.33,241419.0
2020-07-05,ITA,58.33,241611.0
2020-07-06,ITA,58.33,241819.0
2020-07-07,ITA,58.33,241956.0
2020-07-08,ITA,58.33,242149.0
2020-07-09,ITA,58.33,242363.0
2020-07-10,ITA,58.33,242639.0
2020-07-11,ITA,58.33,242827.0
2020-07-12,ITA,58.33,243061.0
2020-07-13,ITA,58.33,243230.0
2020-07-14,ITA,58.33,243344.0
2020-07-15,ITA,58.33,243506.0
2020-07-16,ITA,58.33,243736.0
2020-07-17,ITA,58.33,243967.0
2020-07-18,ITA,58.33,244216.0
2020-07-19,ITA,58.33,244434.0
2020-07-20,ITA,58.33,244624.0
2020-07-21,ITA,58.33,244752.0
2020-07-22,ITA,58.33,245032.0
2020-07-23,ITA,58.33,245338.0
2020-07-24,ITA,58.33,245590.0
2020-07-25,ITA,58.33,245864.0
2020-07-26,ITA,58.33,246118.0
2020-07-27,ITA,50.93,246286.0
2020-07-28,ITA,50.93,246488.0
2020-07-29,ITA,50.93,246776.0
2020-07-30,ITA,50.93,247158.0
2020-07-31,ITA,50.93,247537.0
2020-08-01,ITA,50.93,247832.0
2020-08-02,ITA,50.93,248070.0
2020-08-03,ITA,50.93,248229.0
2020-08-04,ITA,50.93,248419.0
2020-08-05,ITA,50.93,248803.0
2020-08-06,ITA,50.93,249204.0
2020-08-07,ITA,50.93,249756.0
2020-08-08,ITA,50.93,250103.0
2020-08-09,ITA,50.93,250566.0
2020-08-10,ITA,50.93,250825.0
2020-08-11,ITA,50.93,251237.0
2020-08-12,ITA,50.93,251713.0
2020-08-13,ITA,50.93,252235.0
2020-08-14,ITA,50.93,252809.0
2020-08-15,ITA,50.93,253438.0
2020-08-16,ITA,50.93,253915.0
2020-08-17,ITA,54.63,254235.0
2020-08-18,ITA,54.63,254636.0
2020-08-19,ITA,54.63,255278.0
2020-08-20,ITA,54.63,256118.0
2020-08-21,ITA,54.63,257065.0
2020-08-22,ITA,54.63,258136.0
2020-08-23,ITA,54.63,259345.0
2020-08-24,ITA,54.63,260298.0
2020-08-25,ITA,54.63,261174.0
2020-08-26,ITA,54.63,262540.0
2020-08-27,ITA,54.63,263949.0
2020-08-28,ITA,54.63,265409.0
2020-08-29,ITA,54.63,266853.0
2020-08-30,ITA,54.63,268218.0
2020-08-31,ITA,54.63,269214.0
2020-09-01,ITA,54.63,270189.0
2020-09-02,ITA,54.63,271515.0
2020-09-03,ITA,54.63,272912.0
2020-09-04,ITA,54.63,274644.0
2020-09-05,ITA,54.63,276338.0
2020-09-06,ITA,54.63,277634.0
2020-09-07,ITA,52.78,278784.0
2020-09-08,ITA,52.78,280153.0
2020-09-09,ITA,52.78,281583.0
2020-09-10,ITA,52.78,283180.0
2020-09-11,ITA,52.78,284796.0
2020-09-12,ITA,52.78,286297.0
2020-09-13,ITA,52.78,287753.0
2020-09-14,ITA,52.78,288761.0
2020-09-15,ITA,52.78,289990.0
2020-09-16,ITA,52.78,291442.0
2020-09-17,ITA,52.78,293025.0
2020-09-18,ITA,52.78,294932.0
2020-09-19,ITA,52.78,296569.0
2020-09-20,ITA,52.78,298156.0
2020-09-21,ITA,49.07,299506.0
2020-09-22,ITA,49.07,300897.0
2020-09-23,ITA,49.07,302537.0
2020-09-24,ITA,49.07,304323.0
2020-09-25,ITA,49.07,306235.0
2020-09-26,ITA,49.07,308104.0
2020-09-27,ITA,49.07,309870.0
2020-09-28,ITA,49.07,311364.0
2020-09-29,ITA,49.07,313011.0
2020-09-30,ITA,49.07,314861.0
2020-10-01,ITA,47.22,317409.0
2020-10-02,ITA,47.22,319908.0
2020-10-03,ITA,47.22,322751.0
2020-10-04,ITA,47.22,325329.0
2020-10-05,ITA,47.22,327586.0
2020-10-06,ITA,50.0,330263.0
2020-10-07,ITA,50.0,333940.0
2020-10-08,ITA,50.0,338398.0
2020-10-09,ITA,50.0,343770.0
2020-10-10,ITA,50.0,349494.0
2020-10-11,ITA,50.0,354950.0
2020-10-12,ITA,50.0,359569.0
2020-10-13,ITA,50.0,365467.0
2020-10-14,ITA,50.0,372799.0
2020-10-15,ITA,50.0,381602.0
2020-10-16,ITA,50.0,391611.0
2020-10-17,ITA,50.0,402536.0
2020-10-18,ITA,50.0,414241.0
2020-10-19,ITA,50.0,423578.0
2020-10-20,ITA,50.0,434449.0
2020-10-21,ITA,50.0,449648.0
2020-10-22,ITA,50.0,465726.0
2020-10-23,ITA,74.07,484869.0
2020-10-24,ITA,74.07,504509.0
2020-10-25,ITA,74.07,525782.0
2020-10-26,ITA,74.07,542789.0
2020-10-27,ITA,74.07,564778.0
2020-10-28,ITA,74.07,589766.0
2020-10-29,ITA,74.07,616595.0
2020-10-30,ITA,74.07,647674.0
2020-10-31,ITA,74.07,679430.0
2020-11-01,ITA,74.07,709335.0
2020-11-02,ITA,74.07,731588.0
2020-11-03,ITA,74.07,759829.0
2020-11-04,ITA,74.07,790377.0
2020-11-05,ITA,74.07,824879.0
2020-11-06,ITA,79.63,862681.0
2020-11-07,ITA,79.63,902490.0
2020-11-08,ITA,79.63,935104.0
2020-11-09,ITA,79.63,960373.0
2020-11-10,ITA,79.63,995463.0
2020-11-11,ITA,79.63,1028424.0
2020-11-12,ITA,79.63,1066401.0
2020-11-13,ITA,79.63,1107303.0
2020-11-14,ITA,79.63,1144552.0
2020-11-15,ITA,79.63,1178529.0
2020-11-16,ITA,79.63,1205881.0
2020-11-17,ITA,79.63,1238072.0
2020-11-18,ITA,79.63,1272352.0
2020-11-19,ITA,79.63,1308528.0
2020-11-20,ITA,79.63,1345767.0
2020-11-21,ITA,79.63,1380531.0
2020-11-22,ITA,79.63,1408868.0
2020-11-23,ITA,79.63,1431795.0
2020-11-24,ITA,79.63,1455022.0
2020-11-25,ITA,79.63,1480874.0
2020-11-26,ITA,79.63,1509875.0
2020-11-27,ITA,79.63,1538217.0
2020-11-28,ITA,79.63,1564532.0
2020-11-29,ITA,79.63,1585178.0
2020-11-30,ITA,79.63,1601554.0
2020-12-01,ITA,79.63,1620901.0
2020-12-02,ITA,79.63,1641610.0
2020-12-03,ITA,79.63,1664829.0
2020-12-04,ITA,79.63,1688939.0
2020-12-05,ITA,79.63,1709991.0
2020-12-06,ITA,79.63,1728878.0
2020-12-07,ITA,79.63,1742557.0
2020-12-08,ITA,79.63,1757394.0
2020-12-09,ITA,79.63,1770149.0
2020-12-10,ITA,79.63,1787147.0
2020-12-11,ITA,79.63,1805873.0
2020-12-12,ITA,79.63,1825775.0
2020-12-13,ITA,79.63,1843712.0
2020-12-14,ITA,79.63,1855737.0
2020-12-15,ITA,79.63,1870576.0
2020-12-16,ITA,79.63,1888144.0
2020-12-17,ITA,79.63,1906377.0
2020-12-18,ITA,79.63,1921778.0
2020-12-19,ITA,79.63,1938083.0
2020-12-20,ITA,79.63,1953185.0
2020-12-21,ITA,79.63,1964054.0
2020-12-22,ITA,79.63,1977370.0
2020-12-23,ITA,79.63,1991278.0
2020-12-24,ITA,84.26,2009317.0
2020-12-25,ITA,84.26,2028354.0
2020-12-26,ITA,84.26,2038759.0
2020-12-27,ITA,84.26,2047696.0
2020-12-28,ITA,80.56,2056277.0
2020-12-29,ITA,80.56,2067487.0
2020-12-30,ITA,80.56,2083689.0
2020-12-31,ITA,84.26,2107166.0
2021-01-01,ITA,84.26,2129376.0
2021-01-02,ITA,84.26,2141201.0
2021-01-03,ITA,84.26,2155446.0
2021-01-04,ITA,84.26,2166244.0
2021-01-05,ITA,84.26,2181619.0
2021-01-06,ITA,84.26,2201945.0
2021-01-07,ITA,80.56,2220361.0
2021-01-08,ITA,80.56,2237890.0
2021-01-09,ITA,80.56,2257866.0
2021-01-10,ITA,80.56,2276491.0
2021-01-11,ITA,78.7,2289021.0
2021-01-12,ITA,78.7,2303263.0
2021-01-13,ITA,78.7,2319036.0
2021-01-14,ITA,78.7,2336279.0
2021-01-15,ITA,78.7,2352423.0
2021-01-16,ITA,78.7,2368733.0
2021-01-17,ITA,78.7,2381277.0
2021-01-18,ITA,78.7,2390102.0
2021-01-19,ITA,78.7,2400598.0
2021-01-20,ITA,78.7,2414166.0
2021-01-21,ITA,78.7,2428221.0
2021-01-22,ITA,78.7,2441854.0
2021-01-23,ITA,78.7,2455185.0
2021-01-24,ITA,78.7,2466813.0
2021-01-25,ITA,78.7,2475372.0
2021-01-26,ITA,78.7,2485956.0
2021-01-27,ITA,78.7,2501147.0
2021-01-28,ITA,78.7,2515507.0
2021-01-29,ITA,78.7,2529070.0
2021-01-30,ITA,78.7,2541783.0
2021-01-31,ITA,78.7,2553032.0
2021-02-01,ITA,78.7,2560957.0
2021-02-02,ITA,78.7,2570608.0
2021-02-03,ITA,78.7,2583790.0
2021-02-04,ITA,78.7,2597446.0
2021-02-05,ITA,78.7,2611659.0
2021-02-06,ITA,78.7,2625098.0
2021-02-07,ITA,78.7,2636738.0
2021-02-08,ITA,78.7,2644707.0
2021-02-09,ITA,78.7,2655319.0
2021-02-10,ITA,78.7,2668266.0
2021-02-11,ITA,78.7,2683403.0
2021-02-12,ITA,78.7,2697296.0
2021-02-13,ITA,78.7,2710819.0
2021-02-14,ITA,78.7,2721879.0
2021-02-15,ITA,82.41,2729223.0
2021-02-16,ITA,82.41,2739591.0
2021-02-17,ITA,82.41,2751657.0
2021-02-18,ITA,82.41,2765412.0
2021-02-19,ITA,82.41,2780882.0
2021-02-20,ITA,82.41,2795796.0
2021-02-21,ITA,82.41,2809246.0
2021-02-22,ITA,82.41,2818863.0
2021-02-23,ITA,82.41,2832162.0
2021-02-24,ITA,82.41,2848564.0
2021-02-25,ITA,82.41,2868435.0
2021-02-26,ITA,82.41,2888923.0
2021-02-27,ITA,82.41,2907825.0
2021-02-28,ITA,82.41,2925265.0
2021-03-01,ITA,82.41,2938371.0
2021-03-02,ITA,82.41,2955434.0
2021-03-03,ITA,82.41,2976274.0
2021-03-04,ITA,82.41,2999119.0
2021-03-05,ITA,82.41,3023129.0
2021-03-06,ITA,84.26,3046762.0
2021-03-07,ITA,84.26,3067486.0
2021-03-08,ITA,84.26,3081368.0
2021-03-09,ITA,84.26,3101093.0
2021-03-10,ITA,84.26,3123368.0
2021-03-11,ITA,84.26,3149017.0
2021-03-12,ITA,84.26,3175807.0
2021-03-13,ITA,84.26,3201838.0
2021-03-14,ITA,84.26,3223142.0
2021-03-15,ITA,84.26,3238394.0
2021-03-16,ITA,84.26,3258770.0
2021-03-17,ITA,84.26,3281810.0
2021-03-18,ITA,84.26,3306711.0
2021-03-19,ITA,84.26,3332418.0
2021-03-20,ITA,84.26,3356331.0
2021-03-21,ITA,84.26,3376376.0
2021-03-22,ITA,84.26,3400877.0
2021-03-23,ITA,84.26,3419616.0
2021-03-24,ITA,84.26,3440862.0
2021-03-25,ITA,84.26,3464543.0
2021-03-26,ITA,84.26,3488619.0
2021-03-27,ITA,84.26,3512453.0
2021-03-28,ITA,84.26,3532057.0
2021-03-29,ITA,84.26,3544957.0
2021-03-30,ITA,84.26,3561012.0
2021-03-31,ITA,84.26,3584899.0
2021-04-01,ITA,84.26,3607083.0
2021-04-02,ITA,84.26,3629000.0
2021-04-03,ITA,87.96,3650247.0
2021-04-04,ITA,87.96,3668264.0
2021-04-05,ITA,87.96,3678944.0
2021-04-06,ITA,80.56,3686707.0
2021-04-07,ITA,80.56,3700393.0
2021-04-08,ITA,80.56,3717602.0
2021-04-09,ITA,80.56,3736526.0
2021-04-10,ITA,80.56,3754077.0
2021-04-11,ITA,80.56,3769814.0
2021-04-12,ITA,80.56,3779594.0
2021-04-13,ITA,80.56,3793033.0
2021-04-14,ITA,80.56,3809193.0
2021-04-15,ITA,80.56,3826156.0
2021-04-16,ITA,80.56,3842079.0
2021-04-17,ITA,80.56,3857443.0
2021-04-18,ITA,80.56,3870131.0
2021-04-19,ITA,80.56,3878994.0
2021-04-20,ITA,80.56,3891063.0
2021-04-21,ITA,80.56,3904899.0
2021-04-22,ITA,80.56,3920945.0
2021-04-23,ITA,80.56,3935703.0
2021-04-24,ITA,80.56,3949517.0
2021-04-25,ITA,80.56,3962674.0
2021-04-26,ITA,77.78,3971114.0
2021-04-27,ITA,77.78,3981512.0
2021-04-28,ITA,77.78,3994894.0
2021-04-29,ITA,77.78,4009208.0
2021-04-30,ITA,77.78,4022653.0
2021-05-01,ITA,77.78,4035617.0
2021-05-02,ITA,77.78,4044762.0
2021-05-03,ITA,77.78,4050708.0
2021-05-04,ITA,77.78,4059821.0
2021-05-05,ITA,77.78,4070400.0
2021-05-06,ITA,77.78,4082198.0
2021-05-07,ITA,77.78,4092747.0
2021-05-08,ITA,77.78,4102921.0
2021-05-09,ITA,77.78,4111210.0
2021-05-10,ITA,74.07,4116287.0
2021-05-11,ITA,74.07,4123230.0
2021-05-12,ITA,74.07,4131078.0
2021-05-13,ITA,74.07,4139160.0
2021-05-14,ITA,74.07,4146722.0
2021-05-15,ITA,74.07,4153374.0
2021-05-16,ITA,74.07,4159122.0
2021-05-17,ITA,74.07,4162576.0
2021-05-18,ITA,74.07,4167025.0
2021-05-19,ITA,74.07,4172525.0
2021-05-20,ITA,74.07,4178261.0
2021-05-21,ITA,74.07,4183476.0
2021-05-22,ITA,74.07,4188190.0
2021-05-23,ITA,74.07,4192183.0
2021-05-24,ITA,68.52,4194672.0
2021-05-25,ITA,68.52,4197892.0
2021-05-26,ITA,68.52,4201827.0
2021-05-27,ITA,68.52,4205970.0
2021-05-28,ITA,68.52,4209707.0
2021-05-29,ITA,68.52,
2020-02-26,ROU,16.67,1.0
2020-02-27,ROU,16.67,1.0
2020-02-28,ROU,16.67,3.0
2020-02-29,ROU,16.67,3.0
2020-03-01,ROU,16.67,3.0
2020-03-02,ROU,16.67,3.0
2020-03-03,ROU,16.67,3.0
2020-03-04,ROU,16.67,4.0
2020-03-05,ROU,16.67,6.0
2020-03-06,ROU,16.67,9.0
2020-03-07,ROU,16.67,9.0
2020-03-08,ROU,30.56,15.0
2020-03-09,ROU,33.33,15.0
2020-03-10,ROU,33.33,25.0
2020-03-11,ROU,44.44,45.0
2020-03-12,ROU,58.33,49.0
2020-03-13,ROU,58.33,89.0
2020-03-14,ROU,58.33,123.0
2020-03-15,ROU,58.33,131.0
2020-03-16,ROU,58.33,158.0
2020-03-17,ROU,58.33,184.0
2020-03-18,ROU,58.33,260.0
2020-03-19,ROU,61.11,277.0
2020-03-20,ROU,61.11,308.0
2020-03-21,ROU,69.44,367.0
2020-03-22,ROU,75.0,433.0
2020-03-23,ROU,75.0,576.0
2020-03-24,ROU,75.0,794.0
2020-03-25,ROU,78.7,906.0
2020-03-26,ROU,78.7,1029.0
2020-03-27,ROU,78.7,1292.0
2020-03-28,ROU,78.7,1452.0
2020-03-29,ROU,78.7,1815.0
2020-03-30,ROU,81.48,2109.0
2020-03-31,ROU,87.04,2245.0
2020-04-01,ROU,87.04,2460.0
2020-04-02,ROU,87.04,2738.0
2020-04-03,ROU,87.04,3183.0
2020-04-04,ROU,87.04,3613.0
2020-04-05,ROU,87.04,3864.0
2020-04-06,ROU,87.04,4057.0
2020-04-07,ROU,87.04,4417.0
2020-04-08,ROU,87.04,4761.0
2020-04-09,ROU,87.04,5202.0
2020-04-10,ROU,87.04,5467.0
2020-04-11,ROU,87.04,5990.0
2020-04-12,ROU,87.04,6300.0
2020-04-13,ROU,87.04,6633.0
2020-04-14,ROU,87.04,6879.0
2020-04-15,ROU,87.04,7216.0
2020-04-16,ROU,87.04,7707.0
2020-04-17,ROU,87.04,8067.0
2020-04-18,ROU,87.04,8418.0
2020-04-19,ROU,87.04,8746.0
2020-04-20,ROU,87.04,8936.0
2020-04-21,ROU,87.04,9242.0
2020-04-22,ROU,87.04,9710.0
2020-04-23,ROU,87.04,10096.0
2020-04-24,ROU,87.04,10417.0
2020-04-25,ROU,87.04,10635.0
2020-04-26,ROU,87.04,11036.0
2020-04-27,ROU,87.04,11339.0
2020-04-28,ROU,87.04,11616.0
2020-04-29,ROU,87.04,11978.0
2020-04-30,ROU,87.04,12240.0
2020-05-01,ROU,87.04,12567.0
2020-05-02,ROU,87.04,12732.0
2020-05-03,ROU,87.04,13163.0
2020-05-04,ROU,87.04,13512.0
2020-05-05,ROU,87.04,13837.0
2020-05-06,ROU,87.04,14107.0
2020-05-07,ROU,87.04,14499.0
2020-05-08,ROU,87.04,14811.0
2020-05-09,ROU,87.04,15131.0
2020-05-10,ROU,87.04,15362.0
2020-05-11,ROU,78.7,15588.0
2020-05-12,ROU,78.7,15778.0
2020-05-13,ROU,78.7,16002.0
2020-05-14,ROU,78.7,16247.0
2020-05-15,ROU,78.7,16437.0
2020-05-16,ROU,75.0,16704.0
2020-05-17,ROU,75.0,16871.0
2020-05-18,ROU,75.0,17036.0
2020-05-19,ROU,75.0,17191.0
2020-05-20,ROU,75.0,17387.0
2020-05-21,ROU,75.0,17585.0
2020-05-22,ROU,75.0,17712.0
2020-05-23,ROU,75.0,17857.0
2020-05-24,ROU,75.0,18070.0
2020-05-25,ROU,75.0,18283.0
2020-05-26,ROU,75.0,18429.0
2020-05-27,ROU,75.0,18594.0
2020-05-28,ROU,75.0,18791.0
2020-05-29,ROU,75.0,18982.0
2020-05-30,ROU,75.0,19133.0
2020-05-31,ROU,75.0,19257.0
2020-06-01,ROU,57.41,19398.0
2020-06-02,ROU,53.7,19517.0
2020-06-03,ROU,53.7,19669.0
2020-06-04,ROU,53.7,19907.0
2020-06-05,ROU,53.7,20103.0
2020-06-06,ROU,53.7,20290.0
2020-06-07,ROU,53.7,20479.0
2020-06-08,ROU,53.7,20604.0
2020-06-09,ROU,53.7,20749.0
2020-06-10,ROU,53.7,20945.0
2020-06-11,ROU,53.7,21182.0
2020-06-12,ROU,53.7,21404.0
2020-06-13,ROU,53.7,21679.0
2020-06-14,ROU,53.7,21999.0
2020-06-15,ROU,50.93,22165.0
2020-06-16,ROU,50.93,22415.0
2020-06-17,ROU,41.67,22760.0
2020-06-18,ROU,41.67,23080.0
2020-06-19,ROU,41.67,23400.0
2020-06-20,ROU,41.67,23730.0
2020-06-21,ROU,41.67,24045.0
2020-06-22,ROU,41.67,24291.0
2020-06-23,ROU,41.67,24505.0
2020-06-24,ROU,41.67,24826.0
2020-06-25,ROU,41.67,25286.0
2020-06-26,ROU,41.67,25697.0
2020-06-27,ROU,41.67,26022.0
2020-06-28,ROU,41.67,26313.0
2020-06-29,ROU,41.67,26582.0
2020-06-30,ROU,41.67,26970.0
2020-07-01,ROU,41.67,27296.0
2020-07-02,ROU,41.67,27746.0
2020-07-03,ROU,41.67,28166.0
2020-07-04,ROU,41.67,28582.0
2020-07-05,ROU,41.67,28973.0
2020-07-06,ROU,41.67,29223.0
2020-07-07,ROU,38.89,29620.0
2020-07-08,ROU,42.59,30175.0
2020-07-09,ROU,42.59,30789.0
2020-07-10,ROU,42.59,31381.0
2020-07-11,ROU,42.59,32079.0
2020-07-12,ROU,42.59,32535.0
2020-07-13,ROU,42.59,32948.0
2020-07-14,ROU,42.59,33585.0
2020-07-15,ROU,42.59,34226.0
2020-07-16,ROU,42.59,35003.0
2020-07-17,ROU,42.59,35802.0
2020-07-18,ROU,42.59,36691.0
2020-07-19,ROU,42.59,37458.0
2020-07-20,ROU,42.59,38139.0
2020-07-21,ROU,42.59,39133.0
2020-07-22,ROU,42.59,40163.0
2020-07-23,ROU,42.59,41275.0
2020-07-24,ROU,42.59,42394.0
2020-07-25,ROU,42.59,43678.0
2020-07-26,ROU,42.59,44798.0
2020-07-27,ROU,42.59,45902.0
2020-07-28,ROU,42.59,47053.0
2020-07-29,ROU,42.59,48235.0
2020-07-30,ROU,42.59,49591.0
2020-07-31,ROU,42.59,50886.0
2020-08-01,ROU,42.59,52111.0
2020-08-02,ROU,42.59,53186.0
2020-08-03,ROU,42.59,54009.0
2020-08-04,ROU,42.59,55241.0
2020-08-05,ROU,42.59,56550.0
2020-08-06,ROU,42.59,57895.0
2020-08-07,ROU,42.59,59273.0
2020-08-08,ROU,42.59,60623.0
2020-08-09,ROU,42.59,61768.0
2020-08-10,ROU,42.59,62547.0
2020-08-11,ROU,42.59,63762.0
2020-08-12,ROU,42.59,65177.0
2020-08-13,ROU,42.59,66631.0
2020-08-14,ROU,42.59,68046.0
2020-08-15,ROU,42.59,69374.0
2020-08-16,ROU,42.59,70461.0
2020-08-17,ROU,42.59,71194.0
2020-08-18,ROU,42.59,72208.0
2020-08-19,ROU,42.59,73617.0
2020-08-20,ROU,42.59,74963.0
2020-08-21,ROU,42.59,76355.0
2020-08-22,ROU,42.59,77544.0
2020-08-23,ROU,42.59,78505.0
2020-08-24,ROU,42.59,79330.0
2020-08-25,ROU,42.59,80390.0
2020-08-26,ROU,42.59,81646.0
2020-08-27,ROU,42.59,83150.0
2020-08-28,ROU,42.59,84468.0
2020-08-29,ROU,42.59,85833.0
2020-08-30,ROU,42.59,86785.0
2020-08-31,ROU,42.59,87540.0
2020-09-01,ROU,42.59,88593.0
2020-09-02,ROU,42.59,89891.0
2020-09-03,ROU,45.37,91256.0
2020-09-04,ROU,45.37,92595.0
2020-09-05,ROU,45.37,93864.0
2020-09-06,ROU,45.37,95014.0
2020-09-07,ROU,45.37,95897.0
2020-09-08,ROU,45.37,97033.0
2020-09-09,ROU,45.37,98304.0
2020-09-10,ROU,45.37,99684.0
2020-09-11,ROU,45.37,101075.0
2020-09-12,ROU,45.37,102386.0
2020-09-13,ROU,45.37,103495.0
2020-09-14,ROU,43.52,104187.0
2020-09-15,ROU,43.52,105298.0
2020-09-16,ROU,43.52,107011.0
2020-09-17,ROU,43.52,108690.0
2020-09-18,ROU,43.52,110217.0
2020-09-19,ROU,43.52,111550.0
2020-09-20,ROU,43.52,112781.0
2020-09-21,ROU,43.52,113589.0
2020-09-22,ROU,43.52,114648.0
2020-09-23,ROU,43.52,116415.0
2020-09-24,ROU,43.52,118054.0
2020-09-25,ROU,43.52,119683.0
2020-09-26,ROU,43.52,121235.0
2020-09-27,ROU,43.52,122673.0
2020-09-28,ROU,43.52,123944.0
2020-09-29,ROU,43.52,125414.0
2020-09-30,ROU,43.52,127572.0
2020-10-01,ROU,43.52,129658.0
2020-10-02,ROU,43.52,132001.0
2020-10-03,ROU,43.52,134065.0
2020-10-04,ROU,43.52,135900.0
2020-10-05,ROU,43.52,137491.0
2020-10-06,ROU,43.52,139612.0
2020-10-07,ROU,45.37,142570.0
2020-10-08,ROU,45.37,145700.0
2020-10-09,ROU,44.44,148886.0
2020-10-10,ROU,44.44,152403.0
2020-10-11,ROU,44.44,155283.0
2020-10-12,ROU,44.44,157352.0
2020-10-13,ROU,44.44,160461.0
2020-10-14,ROU,44.44,164477.0
2020-10-15,ROU,44.44,168490.0
2020-10-16,ROU,44.44,172516.0
2020-10-17,ROU,44.44,176468.0
2020-10-18,ROU,44.44,180388.0
2020-10-19,ROU,44.44,182854.0
2020-10-20,ROU,54.63,186254.0
2020-10-21,ROU,54.63,191102.0
2020-10-22,ROU,54.63,196004.0
2020-10-23,ROU,54.63,201032.0
2020-10-24,ROU,54.63,205793.0
2020-10-25,ROU,54.63,209648.0
2020-10-26,ROU,54.63,212492.0
2020-10-27,ROU,54.63,217216.0
2020-10-28,ROU,54.63,222559.0
2020-10-29,ROU,54.63,229040.0
2020-10-30,ROU,54.63,235586.0
2020-10-31,ROU,54.63,241339.0
2020-11-01,ROU,54.63,246663.0
2020-11-02,ROU,54.63,250704.0
2020-11-03,ROU,54.63,258437.0
2020-11-04,ROU,54.63,267088.0
2020-11-05,ROU,54.63,276802.0
2020-11-06,ROU,54.63,287062.0
2020-11-07,ROU,54.63,296999.0
2020-11-08,ROU,54.63,303751.0
2020-11-09,ROU,66.67,306991.0
2020-11-10,ROU,66.67,314295.0
2020-11-11,ROU,66.67,324094.0
2020-11-12,ROU,66.67,334236.0
2020-11-13,ROU,66.67,343725.0
2020-11-14,ROU,66.67,353185.0
2020-11-15,ROU,66.67,360281.0
2020-11-16,ROU,76.85,365212.0
2020-11-17,ROU,76.85,373474.0
2020-11-18,ROU,76.85,383743.0
2020-11-19,ROU,76.85,393851.0
2020-11-20,ROU,76.85,403123.0
2020-11-21,ROU,76.85,412808.0
2020-11-22,ROU,76.85,418645.0
2020-11-23,ROU,76.85,422852.0
2020-11-24,ROU,76.85,430605.0
2020-11-25,ROU,76.85,440344.0
2020-11-26,ROU,76.85,449349.0
2020-11-27,ROU,76.85,457848.0
2020-11-28,ROU,76.85,465982.0
2020-11-29,ROU,76.85,471536.0
2020-11-30,ROU,76.85,475362.0
2020-12-01,ROU,76.85,479634.0
2020-12-02,ROU,76.85,484550.0
2020-12-03,ROU,76.85,492211.0
2020-12-04,ROU,76.85,500273.0
2020-12-05,ROU,76.85,508345.0
2020-12-06,ROU,76.85,513576.0
2020-12-07,ROU,76.85,517236.0
2020-12-08,ROU,76.85,524675.0
2020-12-09,ROU,76.85,532040.0
2020-12-10,ROU,76.85,539107.0
2020-12-11,ROU,76.85,545567.0
2020-12-12,ROU,76.85,551900.0
2020-12-13,ROU,76.85,556335.0
2020-12-14,ROU,76.85,559587.0
2020-12-15,ROU,76.85,565758.0
2020-12-16,ROU,76.85,571749.0
2020-12-17,ROU,76.85,577446.0
2020-12-18,ROU,76.85,582786.0
2020-12-19,ROU,76.85,587944.0
2020-12-20,ROU,76.85,591294.0
2020-12-21,ROU,76.85,593783.0
2020-12-22,ROU,76.85,598792.0
2020-12-23,ROU,76.85,604251.0
2020-12-24,ROU,76.85,608561.0
2020-12-25,ROU,76.85,612373.0
2020-12-26,ROU,76.85,613760.0
2020-12-27,ROU,76.85,615809.0
2020-12-28,ROU,76.85,618429.0
2020-12-29,ROU,76.85,623066.0
2020-12-30,ROU,76.85,627941.0
2020-12-31,ROU,76.85,632263.0
2021-01-01,ROU,76.85,636201.0
2021-01-02,ROU,76.85,637395.0
2021-01-03,ROU,76.85,640429.0
2021-01-04,ROU,76.85,643559.0
2021-01-05,ROU,76.85,648288.0
2021-01-06,ROU,76.85,654007.0
2021-01-07,ROU,76.85,658958.0
2021-01-08,ROU,76.85,663799.0
2021-01-09,ROU,76.85,668202.0
2021-01-10,ROU,76.85,671284.0
2021-01-11,ROU,76.85,673271.0
2021-01-12,ROU,76.85,676968.0
2021-01-13,ROU,76.85,681392.0
2021-01-14,ROU,76.85,684917.0
2021-01-15,ROU,76.85,688270.0
2021-01-16,ROU,76.85,691488.0
2021-01-17,ROU,76.85,693644.0
2021-01-18,ROU,76.85,695153.0
2021-01-19,ROU,76.85,697898.0
2021-01-20,ROU,76.85,700898.0
2021-01-21,ROU,76.85,703776.0
2021-01-22,ROU,76.85,706475.0
2021-01-23,ROU,76.85,709194.0
2021-01-24,ROU,76.85,711010.0
2021-01-25,ROU,76.85,712561.0
2021-01-26,ROU,76.85,715438.0
2021-01-27,ROU,76.85,718612.0
2021-01-28,ROU,76.85,721513.0
2021-01-29,ROU,76.85,724250.0
2021-01-30,ROU,76.85,726918.0
2021-01-31,ROU,76.85,728743.0
2021-02-01,ROU,76.85,730056.0
2021-02-02,ROU,76.85,732732.0
2021-02-03,ROU,76.85,735484.0
2021-02-04,ROU,76.85,738152.0
2021-02-05,ROU,76.85,740732.0
2021-02-06,ROU,76.85,743343.0
2021-02-07,ROU,76.85,745318.0
2021-02-08,ROU,76.85,746637.0
2021-02-09,ROU,76.85,749434.0
2021-02-10,ROU,76.85,752482.0
2021-02-11,ROU,76.85,755126.0
2021-02-12,ROU,76.85,757676.0
2021-02-13,ROU,76.85,760091.0
2021-02-14,ROU,76.85,761963.0
2021-02-15,ROU,62.96,763294.0
2021-02-16,ROU,62.96,765970.0
2021-02-17,ROU,62.96,768785.0
2021-02-18,ROU,62.96,771843.0
2021-02-19,ROU,62.96,774555.0
2021-02-20,ROU,62.96,777276.0
2021-02-21,ROU,73.15,779695.0
2021-02-22,ROU,73.15,781329.0
2021-02-23,ROU,73.15,784711.0
2021-02-24,ROU,73.15,788048.0
2021-02-25,ROU,73.15,791971.0
2021-02-26,ROU,73.15,795732.0
2021-02-27,ROU,73.15,799164.0
2021-02-28,ROU,73.15,801994.0
2021-03-01,ROU,73.15,804090.0
2021-03-02,ROU,73.15,808040.0
2021-03-03,ROU,73.15,812318.0
2021-03-04,ROU,73.15,816589.0
2021-03-05,ROU,73.15,820931.0
2021-03-06,ROU,73.15,824995.0
2021-03-07,ROU,73.15,828283.0
2021-03-08,ROU,73.15,830563.0
2021-03-09,ROU,73.15,835552.0
2021-03-10,ROU,73.15,840116.0
2021-03-11,ROU,73.15,845352.0
2021-03-12,ROU,73.15,850362.0
2021-03-13,ROU,73.15,855326.0
2021-03-14,ROU,73.15,859709.0
2021-03-15,ROU,63.89,862681.0
2021-03-16,ROU,63.89,868799.0
2021-03-17,ROU,63.89,874985.0
2021-03-18,ROU,63.89,881159.0
2021-03-19,ROU,63.89,886752.0
2021-03-20,ROU,63.89,892848.0
2021-03-21,ROU,63.89,897115.0
2021-03-22,ROU,63.89,900858.0
2021-03-23,ROU,63.89,907007.0
2021-03-24,ROU,63.89,913143.0
2021-03-25,ROU,63.89,919794.0
2021-03-26,ROU,63.89,926310.0
2021-03-27,ROU,63.89,932179.0
2021-03-28,ROU,63.89,936618.0
2021-03-29,ROU,63.89,940443.0
2021-03-30,ROU,63.89,946647.0
2021-03-31,ROU,63.89,952803.0
2021-04-01,ROU,63.89,958918.0
2021-04-02,ROU,63.89,964726.0
2021-04-03,ROU,63.89,970224.0
2021-04-04,ROU,63.89,974375.0
2021-04-05,ROU,63.89,977986.0
2021-04-06,ROU,63.89,983217.0
2021-04-07,ROU,63.89,988624.0
2021-04-08,ROU,63.89,993613.0
2021-04-09,ROU,63.89,998555.0
2021-04-10,ROU,63.89,1002865.0
2021-04-11,ROU,63.89,1006167.0
2021-04-12,ROU,63.89,1008490.0
2021-04-13,ROU,63.89,1012373.0
2021-04-14,ROU,63.89,1016449.0
2021-04-15,ROU,63.89,1020301.0
2021-04-16,ROU,63.89,1023565.0
2021-04-17,ROU,63.89,1027039.0
2021-04-18,ROU,63.89,1029304.0
2021-04-19,ROU,63.89,1031072.0
2021-04-20,ROU,63.89,1034003.0
2021-04-21,ROU,63.89,1037009.0
2021-04-22,ROU,63.89,1039998.0
2021-04-23,ROU,63.89,1042521.0
2021-04-24,ROU,63.89,1044722.0
2021-04-25,ROU,63.89,1046264.0
2021-04-26,ROU,61.11,1047520.0
2021-04-27,ROU,61.11,1049539.0
2021-04-28,ROU,61.11,1051779.0
2021-04-29,ROU,61.11,1053629.0
2021-04-30,ROU,61.11,1055265.0
2021-05-01,ROU,61.11,1056572.0
2021-05-02,ROU,61.11,1057655.0
2021-05-03,ROU,61.11,1058337.0
2021-05-04,ROU,61.11,1059331.0
2021-05-05,ROU,61.11,1060895.0
2021-05-06,ROU,61.11,1062527.0
2021-05-07,ROU,61.11,1063949.0
2021-05-08,ROU,61.11,1065254.0
2021-05-09,ROU,61.11,1066111.0
2021-05-10,ROU,61.11,1066731.0
2021-05-11,ROU,61.11,1067887.0
2021-05-12,ROU,61.11,1068817.0
2021-05-13,ROU,61.11,1069770.0
2021-05-14,ROU,61.11,1070605.0
2021-05-15,ROU,37.04,1071334.0
2021-05-16,ROU,37.04,1071899.0
2021-05-17,ROU,37.04,1072291.0
2021-05-18,ROU,48.15,1072972.0
2021-05-19,ROU,48.15,1073679.0
2021-05-20,ROU,48.15,1074297.0
2021-05-21,ROU,48.15,1074781.0
2021-05-22,ROU,48.15,1075236.0
2021-05-23,ROU,48.15,1075543.0
2021-05-24,ROU,48.15,1075773.0
2021-05-25,ROU,48.15,1076154.0
2021-05-26,ROU,48.15,1076533.0
2021-05-27,ROU,48.15,1076840.0
2021-05-28,ROU,48.15,1077161.0
2021-05-29,ROU,48.15,
2020-02-26,USA,5.56,16.0
2020-02-27,USA,5.56,17.0
2020-02-28,USA,5.56,17.0
2020-02-29,USA,5.56,25.0
2020-03-01,USA,8.33,32.0
2020-03-02,USA,11.11,55.0
2020-03-03,USA,11.11,74.0
2020-03-04,USA,11.11,107.0
2020-03-05,USA,20.37,184.0
2020-03-06,USA,20.37,237.0
2020-03-07,USA,20.37,403.0
2020-03-08,USA,20.37,519.0
2020-03-09,USA,20.37,594.0
2020-03-10,USA,20.37,782.0
2020-03-11,USA,21.76,1147.0
2020-03-12,USA,30.09,1586.0
2020-03-13,USA,30.09,2219.0
2020-03-14,USA,35.65,2978.0
2020-03-15,USA,41.2,3212.0
2020-03-16,USA,52.31,4679.0
2020-03-17,USA,55.09,6512.0
2020-03-18,USA,55.09,9169.0
2020-03-19,USA,67.13,13663.0
2020-03-20,USA,67.13,20030.0
2020-03-21,USA,72.69,26025.0
2020-03-22,USA,72.69,34898.0
2020-03-23,USA,72.69,46136.0
2020-03-24,USA,72.69,56755.0
2020-03-25,USA,72.69,68837.0
2020-03-26,USA,72.69,86693.0
2020-03-27,USA,72.69,105383.0
2020-03-28,USA,72.69,125013.0
2020-03-29,USA,72.69,143912.0
2020-03-30,USA,72.69,165987.0
2020-03-31,USA,72.69,192301.0
2020-04-01,USA,72.69,224560.0
2020-04-02,USA,72.69,256792.0
2020-04-03,USA,72.69,289087.0
2020-04-04,USA,72.69,321477.0
2020-04-05,USA,72.69,351354.0
2020-04-06,USA,72.69,382747.0
2020-04-07,USA,72.69,413516.0
2020-04-08,USA,72.69,444731.0
2020-04-09,USA,72.69,480667.0
2020-04-10,USA,72.69,515081.0
2020-04-11,USA,72.69,544183.0
2020-04-12,USA,72.69,571440.0
2020-04-13,USA,72.69,598380.0
2020-04-14,USA,72.69,627205.0
2020-04-15,USA,72.69,652611.0
2020-04-16,USA,72.69,682626.0
2020-04-17,USA,72.69,715656.0
2020-04-18,USA,72.69,743588.0
2020-04-19,USA,72.69,769684.0
2020-04-20,USA,72.69,799512.0
2020-04-21,USA,72.69,825429.0
2020-04-22,USA,72.69,854288.0
2020-04-23,USA,72.69,887858.0
2020-04-24,USA,72.69,920185.0
2020-04-25,USA,72.69,950581.0
2020-04-26,USA,72.69,977082.0
2020-04-27,USA,72.69,1000785.0
2020-04-28,USA,72.69,1025362.0
2020-04-29,USA,72.69,1051800.0
2020-04-30,USA,72.69,1081020.0
2020-05-01,USA,72.69,1115946.0
2020-05-02,USA,72.69,1143296.0
2020-05-03,USA,72.69,1167593.0
2020-05-04,USA,72.69,1191678.0
2020-05-05,USA,72.69,1216209.0
2020-05-06,USA,72.69,1240769.0
2020-05-07,USA,72.69,1268180.0
2020-05-08,USA,72.69,1295019.0
2020-05-09,USA,72.69,1320155.0
2020-05-10,USA,72.69,1339022.0
2020-05-11,USA,72.69,1358293.0
2020-05-12,USA,72.69,1381241.0
2020-05-13,USA,72.69,1401649.0
2020-05-14,USA,72.69,1428467.0
2020-05-15,USA,72.69,1453214.0
2020-05-16,USA,72.69,1477373.0
2020-05-17,USA,72.69,1495736.0
2020-05-18,USA,72.69,1518126.0
2020-05-19,USA,72.69,1539133.0
2020-05-20,USA,72.69,1561830.0
2020-05-21,USA,72.69,1587596.0
2020-05-22,USA,72.69,1611253.0
2020-05-23,USA,72.69,1632364.0
2020-05-24,USA,72.69,1652431.0
2020-05-25,USA,72.69,1671104.0
2020-05-26,USA,72.69,1690754.0
2020-05-27,USA,72.69,1709303.0
2020-05-28,USA,72.69,1731625.0
2020-05-29,USA,72.69,1756098.0
2020-05-30,USA,72.69,1779731.0
2020-05-31,USA,72.69,1798718.0
2020-06-01,USA,72.69,1816154.0
2020-06-02,USA,72.69,1837656.0
2020-06-03,USA,72.69,1857511.0
2020-06-04,USA,72.69,1879150.0
2020-06-05,USA,72.69,1904550.0
2020-06-06,USA,72.69,1925710.0
2020-06-07,USA,72.69,1943626.0
2020-06-08,USA,72.69,1961263.0
2020-06-09,USA,72.69,1979647.0
2020-06-10,USA,72.69,2000757.0
2020-06-11,USA,72.69,2023890.0
2020-06-12,USA,72.69,2048756.0
2020-06-13,USA,72.69,2073964.0
2020-06-14,USA,72.69,2092912.0
2020-06-15,USA,68.98,2112731.0
2020-06-16,USA,68.98,2136401.0
2020-06-17,USA,68.98,2163465.0
2020-06-18,USA,68.98,2191991.0
2020-06-19,USA,68.98,2223553.0
2020-06-20,USA,68.98,2255823.0
2020-06-21,USA,68.98,2280971.0
2020-06-22,USA,68.98,2313123.0
2020-06-23,USA,68.98,2350198.0
2020-06-24,USA,68.98,2386074.0
2020-06-25,USA,68.98,2426391.0
2020-06-26,USA,68.98,2472385.0
2020-06-27,USA,68.98,2513731.0
2020-06-28,USA,68.98,2554461.0
2020-06-29,USA,68.98,2595744.0
2020-06-30,USA,68.98,2642174.0
2020-07-01,USA,68.98,2693993.0
2020-07-02,USA,68.98,2750622.0
2020-07-03,USA,68.98,2801983.0
2020-07-04,USA,68.98,2847664.0
2020-07-05,USA,68.98,2898432.0
2020-07-06,USA,68.98,2941517.0
2020-07-07,USA,68.98,3002171.0
2020-07-08,USA,68.98,3062290.0
2020-07-09,USA,68.98,3124786.0
2020-07-10,USA,68.98,3192841.0
2020-07-11,USA,68.98,3252874.0
2020-07-12,USA,68.98,3311312.0
2020-07-13,USA,68.98,3370208.0
2020-07-14,USA,68.98,3438244.0
2020-07-15,USA,68.98,3506364.0
2020-07-16,USA,68.98,3582184.0
2020-07-17,USA,68.98,3654445.0
2020-07-18,USA,68.98,3716980.0
2020-07-19,USA,68.98,3777456.0
2020-07-20,USA,67.13,3839546.0
2020-07-21,USA,67.13,3904066.0
2020-07-22,USA,67.13,3974630.0
2020-07-23,USA,67.13,4043070.0
2020-07-24,USA,67.13,4116393.0
2020-07-25,USA,67.13,4181308.0
2020-07-26,USA,67.13,4236083.0
2020-07-27,USA,67.13,4292934.0
2020-07-28,USA,67.13,4359391.0
2020-07-29,USA,67.13,4431244.0
2020-07-30,USA,67.13,4498701.0
2020-07-31,USA,67.13,4567420.0
2020-08-01,USA,67.13,4623604.0
2020-08-02,USA,67.13,4669149.0
2020-08-03,USA,67.13,4714678.0
2020-08-04,USA,67.13,4773479.0
2020-08-05,USA,67.13,4827936.0
2020-08-06,USA,67.13,4887293.0
2020-08-07,USA,67.13,4946590.0
2020-08-08,USA,67.13,5000709.0
2020-08-09,USA,67.13,5046463.0
2020-08-10,USA,67.13,5094087.0
2020-08-11,USA,67.13,5142088.0
2020-08-12,USA,67.13,5198137.0
2020-08-13,USA,67.13,5249451.0
2020-08-14,USA,67.13,5314791.0
2020-08-15,USA,67.13,5361712.0
2020-08-16,USA,67.13,5400904.0
2020-08-17,USA,67.13,5437580.0
2020-08-18,USA,67.13,5482614.0
2020-08-19,USA,67.13,5529973.0
2020-08-20,USA,67.13,5574013.0
2020-08-21,USA,67.13,5622842.0
2020-08-22,USA,67.13,5665887.0
2020-08-23,USA,67.13,5700119.0
2020-08-24,USA,67.13,5736641.0
2020-08-25,USA,67.13,5777001.0
2020-08-26,USA,67.13,5822167.0
2020-08-27,USA,67.13,5867547.0
2020-08-28,USA,67.13,5914395.0
2020-08-29,USA,67.13,5957126.0
2020-08-30,USA,67.13,5991507.0
2020-08-31,USA,67.13,6026895.0
2020-09-01,USA,67.13,6068759.0
2020-09-02,USA,67.13,6109773.0
2020-09-03,USA,67.13,6153983.0
2020-09-04,USA,67.13,6204376.0
2020-09-05,USA,67.13,6247464.0
2020-09-06,USA,67.13,6278633.0
2020-09-07,USA,67.13,6302200.0
2020-09-08,USA,67.13,6329593.0
2020-09-09,USA,67.13,6363650.0
2020-09-10,USA,67.13,6399723.0
2020-09-11,USA,67.13,6447501.0
2020-09-12,USA,62.5,6488563.0
2020-09-13,USA,62.5,6522914.0
2020-09-14,USA,62.5,6557342.0
2020-09-15,USA,62.5,6596849.0
2020-09-16,USA,62.5,6635867.0
2020-09-17,USA,62.5,6681004.0
2020-09-18,USA,62.5,6730288.0
2020-09-19,USA,62.5,6772447.0
2020-09-20,USA,62.5,6810862.0
2020-09-21,USA,62.5,6862834.0
2020-09-22,USA,62.5,6902696.0
2020-09-23,USA,62.5,6941758.0
2020-09-24,USA,62.5,6988869.0
2020-09-25,USA,62.5,7037151.0
2020-09-26,USA,62.5,7081803.0
2020-09-27,USA,62.5,7119311.0
2020-09-28,USA,62.5,7152546.0
2020-09-29,USA,62.5,7195994.0
2020-09-30,USA,62.5,7235428.0
2020-10-01,USA,62.5,7281081.0
2020-10-02,USA,62.5,7336043.0
2020-10-03,USA,62.5,7384578.0
2020-10-04,USA,62.5,7420293.0
2020-10-05,USA,62.5,7459742.0
2020-10-06,USA,62.5,7504998.0
2020-10-07,USA,62.5,7556060.0
2020-10-08,USA,62.5,7614653.0
2020-10-09,USA,62.5,7671034.0
2020-10-10,USA,62.5,7725952.0
2020-10-11,USA,62.5,7771893.0
2020-10-12,USA,62.5,7813735.0
2020-10-13,USA,66.2,7865983.0
2020-10-14,USA,66.2,7925748.0
2020-10-15,USA,66.2,7990636.0
2020-10-16,USA,66.2,8059782.0
2020-10-17,USA,66.2,8116518.0
2020-10-18,USA,66.2,8165858.0
2020-10-19,USA,66.2,8233610.0
2020-10-20,USA,66.2,8295581.0
2020-10-21,USA,66.2,8358864.0
2020-10-22,USA,66.2,8435164.0
2020-10-23,USA,66.2,8517113.0
2020-10-24,USA,66.2,8599842.0
2020-10-25,USA,66.2,8661982.0
2020-10-26,USA,62.5,8729385.0
2020-10-27,USA,62.5,8806228.0
2020-10-28,USA,62.5,8885632.0
2020-10-29,USA,62.5,8976684.0
2020-10-30,USA,62.5,9075924.0
2020-10-31,USA,62.5,9165619.0
2020-11-01,USA,62.5,9270467.0
2020-11-02,USA,62.5,9355775.0
2020-11-03,USA,62.5,9482891.0
2020-11-04,USA,62.5,9587499.0
2020-11-05,USA,62.5,9716853.0
2020-11-06,USA,62.5,9844858.0
2020-11-07,USA,62.5,9972308.0
2020-11-08,USA,62.5,10087380.0
2020-11-09,USA,65.28,10207953.0
2020-11-10,USA,65.28,10348449.0
2020-11-11,USA,65.28,10495075.0
2020-11-12,USA,65.28,10659914.0
2020-11-13,USA,65.28,10840303.0
2020-11-14,USA,65.28,11008064.0
2020-11-15,USA,65.28,11144288.0
2020-11-16,USA,75.46,11307233.0
2020-11-17,USA,75.46,11471155.0
2020-11-18,USA,75.46,11644332.0
2020-11-19,USA,75.46,11835880.0
2020-11-20,USA,75.46,12034177.0
2020-11-21,USA,75.46,12213451.0
2020-11-22,USA,75.46,12360235.0
2020-11-23,USA,75.46,12534684.0
2020-11-24,USA,75.46,12710198.0
2020-11-25,USA,75.46,12893485.0
2020-11-26,USA,75.46,13005807.0
2020-11-27,USA,75.46,13213995.0
2020-11-28,USA,75.46,13369528.0
2020-11-29,USA,75.46,13509762.0
2020-11-30,USA,75.46,13670332.0
2020-12-01,USA,75.46,13858551.0
2020-12-02,USA,71.76,14061108.0
2020-12-03,USA,71.76,14284721.0
2020-12-04,USA,71.76,14517506.0
2020-12-05,USA,71.76,14733048.0
2020-12-06,USA,71.76,14914060.0
2020-12-07,USA,71.76,15108918.0
2020-12-08,USA,71.76,15333410.0
2020-12-09,USA,71.76,15555949.0
2020-12-10,USA,71.76,15787464.0
2020-12-11,USA,71.76,16027441.0
2020-12-12,USA,71.76,16245026.0
2020-12-13,USA,71.76,16432729.0
2020-12-14,USA,71.76,16627550.0
2020-12-15,USA,71.76,16836556.0
2020-12-16,USA,71.76,17083256.0
2020-12-17,USA,71.76,17322981.0
2020-12-18,USA,71.76,17574950.0
2020-12-19,USA,71.76,17766856.0
2020-12-20,USA,71.76,17954675.0
2020-12-21,USA,71.76,18153724.0
2020-12-22,USA,71.76,18351735.0
2020-12-23,USA,71.76,18581353.0
2020-12-24,USA,71.76,18775557.0
2020-12-25,USA,71.76,18873203.0
2020-12-26,USA,71.76,19099491.0
2020-12-27,USA,71.76,19255126.0
2020-12-28,USA,71.76,19429760.0
2020-12-29,USA,71.76,19630012.0
2020-12-30,USA,71.76,19863696.0
2020-12-31,USA,71.76,20099363.0
2021-01-01,USA,71.76,20252991.0
2021-01-02,USA,71.76,20553301.0
2021-01-03,USA,71.76,20762047.0
2021-01-04,USA,71.76,20946329.0
2021-01-05,USA,71.76,21181440.0
2021-01-06,USA,71.76,21436884.0
2021-01-07,USA,71.76,21715174.0
2021-01-08,USA,71.76,22010389.0
2021-01-09,USA,71.76,22271084.0
2021-01-10,USA,71.76,22484332.0
2021-01-11,USA,71.76,22699326.0
2021-01-12,USA,71.76,22926246.0
2021-01-13,USA,71.76,23156608.0
2021-01-14,USA,71.76,23392315.0
2021-01-15,USA,71.76,23635046.0
2021-01-16,USA,71.76,23836726.0
2021-01-17,USA,71.76,24014508.0
2021-01-18,USA,71.76,24157924.0
2021-01-19,USA,71.76,24334630.0
2021-01-20,USA,71.76,24517866.0
2021-01-21,USA,71.76,24711684.0
2021-01-22,USA,71.76,24902437.0
2021-01-23,USA,71.76,25073050.0
2021-01-24,USA,71.76,25204112.0
2021-01-25,USA,71.76,25356081.0
2021-01-26,USA,71.76,25503621.0
2021-01-27,USA,71.76,25657566.0
2021-01-28,USA,71.76,25826176.0
2021-01-29,USA,71.76,25992744.0
2021-01-30,USA,71.76,26135056.0
2021-01-31,USA,71.76,26247053.0
2021-02-01,USA,71.76,26382255.0
2021-02-02,USA,71.76,26497588.0
2021-02-03,USA,68.06,26619229.0
2021-02-04,USA,68.06,26743204.0
2021-02-05,USA,68.06,26877601.0
2021-02-06,USA,68.06,26981588.0
2021-02-07,USA,68.06,27071236.0
2021-02-08,USA,68.06,27161551.0
2021-02-09,USA,68.06,27257183.0
2021-02-10,USA,68.06,27352360.0
2021-02-11,USA,68.06,27458120.0
2021-02-12,USA,68.06,27557758.0
2021-02-13,USA,68.06,27644880.0
2021-02-14,USA,68.06,27709901.0
2021-02-15,USA,68.06,27764087.0
2021-02-16,USA,68.06,27826806.0
2021-02-17,USA,68.06,27896924.0
2021-02-18,USA,68.06,27966848.0
2021-02-19,USA,68.06,28046145.0
2021-02-20,USA,68.06,28117670.0
2021-02-21,USA,68.06,28174750.0
2021-02-22,USA,68.06,28230970.0
2021-02-23,USA,68.06,28303233.0
2021-02-24,USA,68.06,28377965.0
2021-02-25,USA,68.06,28455466.0
2021-02-26,USA,68.06,28532812.0
2021-02-27,USA,68.06,28597387.0
2021-02-28,USA,68.06,28648744.0
2021-03-01,USA,68.06,28706973.0
2021-03-02,USA,68.06,28764033.0
2021-03-03,USA,68.06,28831226.0
2021-03-04,USA,64.35,28899277.0
2021-03-05,USA,64.35,28965728.0
2021-03-06,USA,64.35,29023931.0
2021-03-07,USA,64.35,29064938.0
2021-03-08,USA,64.35,29109974.0
2021-03-09,USA,64.35,29167616.0
2021-03-10,USA,64.35,29225536.0
2021-03-11,USA,64.35,29288010.0
2021-03-12,USA,64.35,29349533.0
2021-03-13,USA,64.35,29402465.0
2021-03-14,USA,64.35,29440686.0
2021-03-15,USA,64.35,29497352.0
2021-03-16,USA,64.35,29551309.0
2021-03-17,USA,64.35,29610445.0
2021-03-18,USA,64.35,29670983.0
2021-03-19,USA,64.35,29732612.0
2021-03-20,USA,64.35,29787986.0
2021-03-21,USA,64.35,29821754.0
2021-03-22,USA,66.2,29873347.0
2021-03-23,USA,61.57,29926950.0
2021-03-24,USA,61.57,30013910.0
2021-03-25,USA,61.57,30081375.0
2021-03-26,USA,61.57,30158696.0
2021-03-27,USA,61.57,30221396.0
2021-03-28,USA,61.57,30264493.0
2021-03-29,USA,58.8,30333922.0
2021-03-30,USA,56.94,30395171.0
2021-03-31,USA,56.94,30462210.0
2021-04-01,USA,56.94,30541255.0
2021-04-02,USA,56.94,30611086.0
2021-04-03,USA,56.94,30674153.0
2021-04-04,USA,56.94,30709125.0
2021-04-05,USA,56.94,30786804.0
2021-04-06,USA,56.94,30847348.0
2021-04-07,USA,56.94,30922386.0
2021-04-08,USA,56.94,31002264.0
2021-04-09,USA,56.94,31084962.0
2021-04-10,USA,56.94,31151497.0
2021-04-11,USA,56.94,31197877.0
2021-04-12,USA,56.94,31268107.0
2021-04-13,USA,56.94,31345985.0
2021-04-14,USA,56.94,31421360.0
2021-04-15,USA,56.94,31495649.0
2021-04-16,USA,56.94,31575640.0
2021-04-17,USA,56.94,31628013.0
2021-04-18,USA,56.94,31670031.0
2021-04-19,USA,56.94,31737964.0
2021-04-20,USA,56.94,31799237.0
2021-04-21,USA,56.94,31862094.0
2021-04-22,USA,56.94,31929351.0
2021-04-23,USA,56.94,31991750.0
2021-04-24,USA,56.94,32045113.0
2021-04-25,USA,56.94,32077178.0
2021-04-26,USA,56.94,32124869.0
2021-04-27,USA,56.94,32175725.0
2021-04-28,USA,56.94,32230850.0
2021-04-29,USA,56.94,32289049.0
2021-04-30,USA,56.94,32346971.0
2021-05-01,USA,56.94,32392274.0
2021-05-02,USA,56.94,32421641.0
2021-05-03,USA,56.94,32472201.0
2021-05-04,USA,56.94,32512934.0
2021-05-05,USA,56.94,32557669.0
2021-05-06,USA,56.94,32605183.0
2021-05-07,USA,56.94,32652472.0
2021-05-08,USA,56.94,32686965.0
2021-05-09,USA,52.31,32708357.0
2021-05-10,USA,52.31,32745255.0
2021-05-11,USA,52.31,32778906.0
2021-05-12,USA,52.31,32814784.0
2021-05-13,USA,52.31,32852871.0
2021-05-14,USA,52.31,32895169.0
2021-05-15,USA,52.31,32923982.0
2021-05-16,USA,52.31,32940846.0
2021-05-17,USA,52.31,32969512.0
2021-05-18,USA,52.31,32997331.0
2021-05-19,USA,52.31,33026624.0
2021-05-20,USA,52.31,33056765.0
2021-05-21,USA,52.31,33085106.0
2021-05-22,USA,52.31,33104884.0
2021-05-23,USA,52.31,33117737.0
2021-05-24,USA,52.31,33143662.0
2021-05-25,USA,52.31,33166418.0
2021-05-26,USA,52.31,33190470.0
2021-05-27,USA,52.31,33217995.0
2021-05-28,USA,52.31,33239963.0
2021-05-29,USA,52.31,
