date,cases,heals,deaths,total_administered,total_administered_pfizer,total_immunized,total_immunized_pfizer,total_administered_moderna,total_immunized_moderna,total_administered_astra_zeneca,total_immunized_astra_zeneca,active,case,heal,death,administered,administered_pfizer,immunized,immunized_pfizer,administered_moderna,immunized_moderna,administered_astra_zeneca,immunized_astra_zeneca,tests,test,case14
2020-02-26,1.0,0.0,0.0,,,,,,,,,1.0,1.0,0.0,0.0,,,,,,,,,,,
2020-02-27,1.0,0.0,0.0,,,,,,,,,1.0,0.0,0.0,0.0,,,,,,,,,,,
2020-02-28,3.0,0.0,0.0,,,,,,,,,3.0,2.0,0.0,0.0,,,,,,,,,,,
2020-02-29,3.0,0.0,0.0,,,,,,,,,3.0,0.0,0.0,0.0,,,,,,,,,,,
2020-03-01,3.0,0.0,0.0,,,,,,,,,3.0,0.0,0.0,0.0,,,,,,,,,,,
2020-03-02,3.0,0.0,0.0,,,,,,,,,3.0,2.0,0.0,0.0,,,,,,,,,,,
2020-03-03,4.0,0.0,0.0,,,,,,,,,4.0,1.0,0.0,0.0,,,,,,,,,,,
2020-03-04,6.0,0.0,0.0,,,,,,,,,6.0,2.0,0.0,0.0,,,,,,,,,,,
2020-03-05,7.0,3.0,0.0,,,,,,,,,4.0,1.0,3.0,0.0,,,,,,,,,,,
2020-03-06,9.0,0.0,0.0,,,,,,,,,9.0,2.0,-3.0,0.0,,,,,,,,,,,
2020-03-07,13.0,3.0,0.0,,,,,,,,,10.0,3.0,3.0,0.0,,,,,,,,,,,
2020-03-08,15.0,5.0,0.0,,,,,,,,,10.0,2.0,2.0,0.0,,,,,,,,,,,
2020-03-09,17.0,5.0,0.0,,,,,,,,,12.0,2.0,0.0,0.0,,,,,,,,,,,
2020-03-10,29.0,5.0,0.0,,,,,,,,,24.0,12.0,0.0,0.0,,,,,,,,,,,
2020-03-11,47.0,5.0,0.0,,,,,,,,,42.0,18.0,0.0,0.0,,,,,,,,,,,46.0
2020-03-12,59.0,6.0,0.0,,,,,,,,,53.0,4.0,1.0,0.0,,,,,,,,,,,58.0
2020-03-13,95.0,6.0,0.0,,,,,,,,,89.0,36.0,0.0,0.0,,,,,,,,,,,92.0
2020-03-14,123.0,6.0,0.0,,,,,,,,,117.0,28.0,0.0,0.0,,,,,,,,,,,120.0
2020-03-15,139.0,9.0,0.0,,,,,,,,,130.0,16.0,3.0,0.0,,,,,,,,,,,136.0
2020-03-16,168.0,9.0,0.0,,,,,,,,,159.0,29.0,0.0,0.0,,,,,,,,,,,165.0
2020-03-17,217.0,19.0,0.0,,,,,,,,,198.0,5.0,10.0,0.0,,,,,,,,,4150.0,442.0,213.0
2020-03-18,260.0,19.0,0.0,,,,,,,,,241.0,43.0,0.0,0.0,,,,,,,,,4670.0,520.0,254.0
2020-03-19,277.0,25.0,0.0,,,,,,,,,252.0,17.0,6.0,0.0,,,,,,,,,4973.0,303.0,270.0
2020-03-20,308.0,31.0,0.0,,,,,,,,,277.0,31.0,6.0,0.0,,,,,,,,,8284.0,3311.0,299.0
2020-03-21,367.0,52.0,0.0,,,,,,,,,315.0,59.0,21.0,0.0,,,,,,,,,8915.0,631.0,354.0
2020-03-22,433.0,64.0,2.0,,,,,,,,,367.0,66.0,12.0,2.0,,,,,,,,,9967.0,1052.0,418.0
2020-03-23,576.0,73.0,4.0,,,,,,,,,499.0,143.0,9.0,2.0,,,,,,,,,11223.0,1256.0,559.0
2020-03-24,762.0,79.0,8.0,,,,,,,,,675.0,186.0,6.0,4.0,,,,,,,,,12624.0,1401.0,733.0
2020-03-25,906.0,86.0,17.0,,,,,,,,,803.0,144.0,7.0,9.0,,,,,,,,,14466.0,1842.0,859.0
2020-03-26,1029.0,94.0,23.0,,,,,,,,,912.0,123.0,8.0,6.0,,,,,,,,,15998.0,1532.0,970.0
2020-03-27,1292.0,115.0,26.0,,,,,,,,,1151.0,263.0,21.0,3.0,,,,,,,,,17453.0,1455.0,1197.0
2020-03-28,1452.0,139.0,37.0,,,,,,,,,1276.0,160.0,24.0,11.0,,,,,,,,,19663.0,2210.0,1329.0
2020-03-29,1760.0,169.0,43.0,,,,,,,,,1548.0,308.0,30.0,6.0,,,,,,,,,21460.0,1797.0,1621.0
2020-03-30,1952.0,180.0,65.0,,,,,,,,,1707.0,192.0,11.0,22.0,,,,,,,,,23103.0,1643.0,1784.0
2020-03-31,2245.0,220.0,82.0,,,,,,,,,1943.0,293.0,40.0,17.0,,,,,,,,,24654.0,1551.0,2028.0
2020-04-01,2460.0,252.0,92.0,,,,,,,,,2116.0,215.0,32.0,10.0,,,,,,,,,26609.0,1955.0,2200.0
2020-04-02,2738.0,267.0,115.0,,,,,,,,,2356.0,278.0,15.0,23.0,,,,,,,,,28483.0,1874.0,2461.0
2020-04-03,3183.0,283.0,133.0,,,,,,,,,2767.0,445.0,16.0,18.0,,,,,,,,,31657.0,3174.0,2875.0
2020-04-04,3613.0,329.0,146.0,,,,,,,,,3138.0,430.0,46.0,13.0,,,,,,,,,36092.0,4435.0,3246.0
2020-04-05,3864.0,374.0,151.0,,,,,,,,,3339.0,251.0,45.0,5.0,,,,,,,,,38623.0,2531.0,3431.0
2020-04-06,4057.0,406.0,176.0,,,,,,,,,3475.0,193.0,32.0,25.0,,,,,,,,,40987.0,2364.0,3481.0
2020-04-07,4417.0,460.0,197.0,,,,,,,,,3760.0,360.0,54.0,21.0,,,,,,,,,43578.0,2591.0,3655.0
2020-04-08,4761.0,528.0,220.0,,,,,,,,,4013.0,344.0,68.0,23.0,,,,,,,,,47207.0,3629.0,3855.0
2020-04-09,5202.0,647.0,248.0,,,,,,,,,4307.0,441.0,119.0,28.0,,,,,,,,,51802.0,4595.0,4173.0
2020-04-10,5467.0,729.0,270.0,,,,,,,,,4468.0,265.0,82.0,22.0,,,,,,,,,55430.0,3628.0,4175.0
2020-04-11,5990.0,758.0,291.0,,,,,,,,,4941.0,523.0,29.0,21.0,,,,,,,,,59272.0,3842.0,4538.0
2020-04-12,6300.0,852.0,314.0,,,,,,,,,5134.0,310.0,94.0,23.0,,,,,,,,,62328.0,3056.0,4540.0
2020-04-13,6633.0,914.0,331.0,,,,,,,,,5388.0,333.0,62.0,17.0,,,,,,,,,67204.0,4876.0,4681.0
2020-04-14,6879.0,1051.0,351.0,,,,,,,,,5477.0,246.0,137.0,20.0,,,,,,,,,70097.0,2893.0,4634.0
2020-04-15,7216.0,1217.0,372.0,,,,,,,,,5627.0,337.0,166.0,21.0,,,,,,,,,74827.0,4730.0,4756.0
2020-04-16,7707.0,1357.0,392.0,,,,,,,,,5958.0,491.0,140.0,20.0,,,,,,,,,79629.0,4802.0,4969.0
2020-04-16,7707.0,1357.0,392.0,,,,,,,,,5958.0,491.0,140.0,20.0,,,,,,,,,79629.0,4802.0,4524.0
2020-04-16,7707.0,1357.0,392.0,,,,,,,,,5958.0,491.0,140.0,20.0,,,,,,,,,79629.0,4802.0,4969.0
2020-04-16,7707.0,1357.0,392.0,,,,,,,,,5958.0,491.0,140.0,20.0,,,,,,,,,79629.0,4802.0,4524.0
2020-04-17,8067.0,1508.0,411.0,,,,,,,,,6148.0,360.0,151.0,19.0,,,,,,,,,85805.0,6176.0,4454.0
2020-04-18,8418.0,1730.0,421.0,,,,,,,,,6267.0,351.0,222.0,10.0,,,,,,,,,90991.0,5186.0,4554.0
2020-04-19,8746.0,1892.0,451.0,,,,,,,,,6403.0,328.0,162.0,30.0,,,,,,,,,93611.0,2620.0,4689.0
2020-04-20,8936.0,2017.0,478.0,,,,,,,,,6441.0,190.0,125.0,27.0,,,,,,,,,98491.0,4880.0,4519.0
2020-04-21,9242.0,2153.0,498.0,,,,,,,,,6591.0,306.0,136.0,20.0,,,,,,,,,101552.0,3061.0,4481.0
2020-04-22,9710.0,2406.0,524.0,,,,,,,,,6780.0,468.0,253.0,26.0,,,,,,,,,106357.0,4805.0,4508.0
2020-04-23,10096.0,2478.0,545.0,,,,,,,,,7073.0,386.0,72.0,21.0,,,,,,,,,113336.0,6979.0,4629.0
2020-04-24,10417.0,2817.0,567.0,,,,,,,,,7033.0,321.0,339.0,22.0,,,,,,,,,121602.0,8266.0,4427.0
2020-04-25,10635.0,2890.0,601.0,,,,,,,,,7144.0,218.0,73.0,34.0,,,,,,,,,126645.0,5043.0,4335.0
2020-04-26,11036.0,3054.0,619.0,,,,,,,,,7363.0,401.0,164.0,18.0,,,,,,,,,136518.0,9873.0,4403.0
2020-04-27,11339.0,3141.0,646.0,,,,,,,,,7552.0,303.0,87.0,27.0,,,,,,,,,143834.0,7316.0,4460.0
2020-04-27,11339.0,3141.0,646.0,,,,,,,,,7552.0,303.0,87.0,27.0,,,,,,,,,143834.0,7316.0,4123.0
2020-04-27,11339.0,3141.0,646.0,,,,,,,,,7552.0,303.0,87.0,27.0,,,,,,,,,143834.0,7316.0,4460.0
2020-04-27,11339.0,3141.0,646.0,,,,,,,,,7552.0,303.0,87.0,27.0,,,,,,,,,143834.0,7316.0,4123.0
2020-04-28,11616.0,3404.0,663.0,,,,,,,,,7549.0,277.0,263.0,17.0,,,,,,,,,150309.0,6475.0,3909.0
2020-04-29,11978.0,3569.0,693.0,,,,,,,,,7716.0,362.0,165.0,30.0,,,,,,,,,166993.0,16684.0,4271.0
2020-04-30,12240.0,4017.0,717.0,,,,,,,,,7506.0,262.0,448.0,24.0,,,,,,,,,175374.0,8381.0,4173.0
2020-05-01,12567.0,4328.0,744.0,,,,,,,,,7495.0,327.0,311.0,27.0,,,,,,,,,183688.0,8314.0,4149.0
2020-05-02,12732.0,4547.0,771.0,,,,,,,,,7414.0,165.0,219.0,27.0,,,,,,,,,190540.0,6852.0,3986.0
2020-05-03,13163.0,4869.0,790.0,,,,,,,,,7504.0,431.0,322.0,19.0,,,,,,,,,195508.0,4968.0,4227.0
2020-05-04,13512.0,5269.0,818.0,,,,,,,,,7425.0,349.0,400.0,28.0,,,,,,,,,199068.0,3560.0,4270.0
2020-05-05,13837.0,5454.0,841.0,,,,,,,,,7542.0,325.0,185.0,23.0,,,,,,,,,205842.0,6774.0,4127.0
2020-05-06,14107.0,5788.0,864.0,,,,,,,,,7455.0,270.0,334.0,23.0,,,,,,,,,217139.0,11297.0,4011.0
2020-05-07,14499.0,6144.0,888.0,,,,,,,,,7467.0,392.0,356.0,24.0,,,,,,,,,226613.0,9474.0,4082.0
2020-05-08,14811.0,6423.0,923.0,,,,,,,,,7465.0,312.0,279.0,35.0,,,,,,,,,237280.0,10667.0,4176.0
2020-05-09,15131.0,6912.0,939.0,,,,,,,,,7280.0,320.0,489.0,16.0,,,,,,,,,248056.0,10776.0,4095.0
2020-05-10,15362.0,7051.0,961.0,,,,,,,,,7350.0,231.0,139.0,22.0,,,,,,,,,256749.0,8693.0,4023.0
2020-05-11,15588.0,7245.0,982.0,,,,,,,,,7361.0,226.0,194.0,21.0,,,,,,,,,262219.0,5470.0,4249.0
2020-05-12,15778.0,7685.0,1002.0,,,,,,,,,7091.0,190.0,440.0,20.0,,,,,,,,,269183.0,6964.0,4162.0
2020-05-13,16002.0,7961.0,1036.0,,,,,,,,,7005.0,224.0,276.0,34.0,,,,,,,,,277804.0,8621.0,4024.0
2020-05-14,16247.0,9053.0,1053.0,,,,,,,,,6141.0,245.0,1092.0,17.0,,,,,,,,,286217.0,8413.0,4007.0
2020-05-15,16437.0,9370.0,1070.0,,,,,,,,,5997.0,190.0,317.0,17.0,,,,,,,,,294601.0,8384.0,3870.0
2020-05-16,16704.0,9574.0,1094.0,,,,,,,,,6036.0,267.0,204.0,24.0,,,,,,,,,303734.0,9133.0,3972.0
2020-05-17,16871.0,9890.0,1107.0,,,,,,,,,5874.0,167.0,316.0,13.0,,,,,,,,,310407.0,6673.0,3708.0
2020-05-18,17036.0,9930.0,1120.0,,,,,,,,,5986.0,165.0,40.0,13.0,,,,,,,,,313621.0,3214.0,3524.0
2020-05-19,17191.0,10166.0,1137.0,,,,,,,,,5888.0,155.0,236.0,17.0,,,,,,,,,322074.0,8453.0,3354.0
2020-05-20,17387.0,10356.0,1147.0,,,,,,,,,5884.0,196.0,190.0,10.0,,,,,,,,,332487.0,10413.0,3280.0
2020-05-21,17585.0,10581.0,1156.0,,,,,,,,,5848.0,198.0,225.0,9.0,,,,,,,,,342466.0,9979.0,3086.0
2020-05-22,17712.0,10777.0,1166.0,,,,,,,,,5769.0,127.0,196.0,10.0,,,,,,,,,352647.0,10181.0,2901.0
2020-05-23,17857.0,11187.0,1176.0,,,,,,,,,5494.0,145.0,410.0,10.0,,,,,,,,,361566.0,8919.0,2726.0
2020-05-24,18070.0,11399.0,1185.0,,,,,,,,,5486.0,213.0,212.0,9.0,,,,,,,,,368482.0,6916.0,2708.0
2020-05-25,18283.0,11630.0,1202.0,,,,,,,,,5451.0,213.0,231.0,17.0,,,,,,,,,377191.0,8709.0,2695.0
2020-05-26,18429.0,11874.0,1216.0,,,,,,,,,5339.0,146.0,244.0,14.0,,,,,,,,,385728.0,8537.0,2651.0
2020-05-27,18594.0,12162.0,1223.0,,,,,,,,,5209.0,165.0,288.0,7.0,,,,,,,,,397563.0,11835.0,2592.0
2020-05-28,18791.0,12629.0,1235.0,,,,,,,,,4927.0,197.0,467.0,12.0,,,,,,,,,410000.0,12437.0,2544.0
2020-05-29,18982.0,12829.0,1248.0,,,,,,,,,4905.0,191.0,200.0,13.0,,,,,,,,,421451.0,11451.0,2545.0
2020-05-30,19133.0,13046.0,1259.0,,,,,,,,,4828.0,151.0,217.0,11.0,,,,,,,,,425819.0,4368.0,2429.0
2020-05-31,19257.0,13256.0,1266.0,,,,,,,,,4735.0,124.0,210.0,7.0,,,,,,,,,439197.0,13378.0,2386.0
2020-06-01,19398.0,13426.0,1276.0,,,,,,,,,4696.0,141.0,170.0,10.0,,,,,,,,,443252.0,4055.0,2362.0
2020-06-02,19517.0,13526.0,1288.0,,,,,,,,,4703.0,119.0,100.0,12.0,,,,,,,,,448813.0,5561.0,2326.0
2020-06-03,19669.0,13800.0,1296.0,,,,,,,,,4573.0,152.0,274.0,8.0,,,,,,,,,459405.0,10592.0,2282.0
2020-06-04,19907.0,13919.0,1305.0,,,,,,,,,4683.0,238.0,119.0,9.0,,,,,,,,,472850.0,13445.0,2322.0
2020-06-05,20103.0,14145.0,1316.0,,,,,,,,,4642.0,196.0,226.0,11.0,,,,,,,,,484782.0,11932.0,2391.0
2020-06-06,20290.0,14419.0,1318.0,,,,,,,,,4553.0,187.0,274.0,2.0,,,,,,,,,496408.0,11626.0,2433.0
2020-06-07,20479.0,14638.0,1333.0,,,,,,,,,4508.0,189.0,219.0,15.0,,,,,,,,,503200.0,6792.0,2409.0
2020-06-08,20604.0,14826.0,1339.0,,,,,,,,,4439.0,125.0,188.0,6.0,,,,,,,,,506115.0,2915.0,2321.0
2020-06-09,20749.0,14910.0,1354.0,,,,,,,,,4485.0,145.0,84.0,15.0,,,,,,,,,511295.0,5180.0,2320.0
2020-06-10,20945.0,15103.0,1360.0,,,,,,,,,4482.0,196.0,193.0,6.0,,,,,,,,,520564.0,9269.0,2351.0
2020-06-11,21182.0,15283.0,1369.0,,,,,,,,,4530.0,237.0,180.0,9.0,,,,,,,,,531619.0,11055.0,2391.0
2020-06-12,21404.0,15445.0,1380.0,,,,,,,,,4579.0,222.0,162.0,11.0,,,,,,,,,542646.0,11027.0,2422.0
2020-06-13,21679.0,15635.0,1394.0,,,,,,,,,4650.0,275.0,190.0,14.0,,,,,,,,,552670.0,10024.0,2546.0
2020-06-14,21999.0,15719.0,1410.0,,,,,,,,,4870.0,320.0,84.0,16.0,,,,,,,,,560596.0,7926.0,2742.0
2020-06-15,22165.0,15817.0,1427.0,,,,,,,,,4921.0,166.0,98.0,17.0,,,,,,,,,564278.0,3682.0,2767.0
2020-06-16,22415.0,16071.0,1437.0,,,,,,,,,4907.0,250.0,254.0,10.0,,,,,,,,,573638.0,9360.0,2898.0
2020-06-17,22760.0,16117.0,1451.0,,,,,,,,,5192.0,345.0,46.0,14.0,,,,,,,,,585353.0,11715.0,3091.0
2020-06-18,23080.0,16308.0,1473.0,,,,,,,,,5299.0,320.0,191.0,22.0,,,,,,,,,597696.0,12343.0,3173.0
2020-06-19,23400.0,16555.0,1484.0,,,,,,,,,5361.0,320.0,247.0,11.0,,,,,,,,,608771.0,11075.0,3297.0
2020-06-20,23730.0,16735.0,1500.0,,,,,,,,,5495.0,330.0,180.0,16.0,,,,,,,,,619997.0,11226.0,3440.0
2020-06-21,24045.0,16911.0,1512.0,,,,,,,,,5622.0,315.0,176.0,12.0,,,,,,,,,626330.0,6333.0,3566.0
2020-06-22,24291.0,17031.0,1523.0,,,,,,,,,5737.0,246.0,120.0,11.0,,,,,,,,,630374.0,4044.0,3687.0
2020-06-23,24505.0,17187.0,1539.0,,,,,,,,,5779.0,214.0,156.0,16.0,,,,,,,,,639322.0,8948.0,3756.0
2020-06-24,24826.0,17391.0,1555.0,,,,,,,,,5880.0,321.0,204.0,16.0,,,,,,,,,651003.0,11681.0,3881.0
2020-06-25,25286.0,17906.0,1565.0,,,,,,,,,5815.0,460.0,515.0,10.0,,,,,,,,,663558.0,12555.0,4104.0
2020-06-26,25697.0,18181.0,1579.0,,,,,,,,,5937.0,411.0,275.0,14.0,,,,,,,,,675382.0,11824.0,4293.0
2020-06-27,26022.0,18530.0,1589.0,,,,,,,,,5903.0,325.0,349.0,10.0,,,,,,,,,687618.0,12236.0,4343.0
2020-06-28,26313.0,18814.0,1612.0,,,,,,,,,5887.0,291.0,284.0,23.0,,,,,,,,,694909.0,7291.0,4314.0
2020-06-29,26582.0,18912.0,1634.0,,,,,,,,,6036.0,269.0,98.0,22.0,,,,,,,,,699688.0,4779.0,4417.0
2020-06-30,26970.0,19050.0,1651.0,,,,,,,,,6269.0,388.0,138.0,17.0,,,,,,,,,710112.0,10424.0,4555.0
2020-07-01,27296.0,19314.0,1667.0,,,,,,,,,6315.0,326.0,264.0,16.0,,,,,,,,,722697.0,12585.0,4536.0
2020-07-02,27746.0,19363.0,1687.0,,,,,,,,,6696.0,450.0,49.0,20.0,,,,,,,,,735221.0,12524.0,4666.0
2020-07-03,28166.0,19545.0,1708.0,,,,,,,,,6913.0,420.0,182.0,21.0,,,,,,,,,747592.0,12371.0,4766.0
2020-07-04,28582.0,19854.0,1731.0,,,,,,,,,6997.0,416.0,309.0,23.0,,,,,,,,,759037.0,11445.0,4852.0
2020-07-05,28973.0,20026.0,1750.0,,,,,,,,,7197.0,391.0,172.0,19.0,,,,,,,,,766868.0,7831.0,4928.0
2020-07-06,29223.0,20213.0,1768.0,,,,,,,,,7242.0,250.0,187.0,18.0,,,,,,,,,771482.0,4614.0,4932.0
2020-07-07,29620.0,20534.0,1799.0,,,,,,,,,7287.0,397.0,321.0,31.0,,,,,,,,,783337.0,11855.0,5115.0
2020-07-08,30175.0,20799.0,1817.0,,,,,,,,,7559.0,555.0,265.0,18.0,,,,,,,,,796484.0,13147.0,5349.0
2020-07-09,30789.0,20969.0,1834.0,,,,,,,,,7986.0,614.0,170.0,17.0,,,,,,,,,809663.0,13179.0,5503.0
2020-07-10,31381.0,21129.0,1847.0,,,,,,,,,8405.0,592.0,160.0,13.0,,,,,,,,,824343.0,14680.0,5684.0
2020-07-11,32079.0,21414.0,1871.0,,,,,,,,,8794.0,698.0,285.0,24.0,,,,,,,,,838953.0,14610.0,6057.0
2020-07-12,32535.0,21545.0,1884.0,,,,,,,,,9106.0,456.0,131.0,13.0,,,,,,,,,847586.0,8633.0,6222.0
2020-07-13,32948.0,21692.0,1901.0,,,,,,,,,9355.0,413.0,147.0,17.0,,,,,,,,,854241.0,6655.0,6366.0
2020-07-14,33585.0,21803.0,1931.0,,,,,,,,,9851.0,637.0,111.0,30.0,,,,,,,,,868478.0,14237.0,6615.0
2020-07-15,34226.0,22049.0,1952.0,,,,,,,,,10225.0,641.0,246.0,21.0,,,,,,,,,886918.0,18440.0,6930.0
2020-07-16,35003.0,22189.0,1971.0,,,,,,,,,10843.0,777.0,140.0,19.0,,,,,,,,,906015.0,19097.0,7257.0
2020-07-17,35802.0,22312.0,1988.0,,,,,,,,,11502.0,799.0,123.0,17.0,,,,,,,,,925001.0,18986.0,7636.0
2020-07-18,36691.0,22488.0,2009.0,,,,,,,,,12194.0,889.0,176.0,21.0,,,,,,,,,943733.0,18732.0,8109.0
2020-07-19,37458.0,22617.0,2026.0,,,,,,,,,12815.0,767.0,129.0,17.0,,,,,,,,,958622.0,14889.0,8485.0
2020-07-20,38139.0,22747.0,2038.0,,,,,,,,,13354.0,681.0,130.0,12.0,,,,,,,,,967192.0,8570.0,8916.0
2020-07-21,39133.0,24454.0,2074.0,,,,,,,,,12605.0,994.0,1707.0,36.0,,,,,,,,,984396.0,17204.0,9513.0
2020-07-22,40163.0,24663.0,2101.0,,,,,,,,,13399.0,1030.0,209.0,27.0,,,,,,,,,1009273.0,24877.0,9988.0
2020-07-23,41275.0,24862.0,2126.0,,,,,,,,,14287.0,1112.0,199.0,25.0,,,,,,,,,1030692.0,21419.0,10486.0
2020-07-24,42394.0,25349.0,2150.0,,,,,,,,,14895.0,1119.0,487.0,24.0,,,,,,,,,1053656.0,22964.0,11013.0
2020-07-25,43678.0,25373.0,2165.0,,,,,,,,,16140.0,1284.0,24.0,15.0,,,,,,,,,1087783.0,34127.0,11599.0
2020-07-26,44798.0,25643.0,2187.0,,,,,,,,,16968.0,1120.0,270.0,22.0,,,,,,,,,1102901.0,15118.0,12263.0
2020-07-27,45902.0,25794.0,2206.0,,,,,,,,,17902.0,1104.0,151.0,19.0,,,,,,,,,1110534.0,7633.0,12954.0
2020-07-28,47053.0,26128.0,2239.0,,,,,,,,,18686.0,1151.0,334.0,33.0,,,,,,,,,1131699.0,21165.0,13468.0
2020-07-29,48235.0,26446.0,2269.0,,,,,,,,,19520.0,1182.0,318.0,30.0,,,,,,,,,1154228.0,22529.0,14009.0
2020-07-30,49591.0,26609.0,2304.0,,,,,,,,,20678.0,1356.0,163.0,35.0,,,,,,,,,1177630.0,23402.0,14588.0
2020-07-31,50886.0,27007.0,2343.0,,,,,,,,,21536.0,1295.0,398.0,39.0,,,,,,,,,1202607.0,24977.0,15084.0
2020-08-01,52111.0,27346.0,2379.0,,,,,,,,,22386.0,1225.0,339.0,36.0,,,,,,,,,1226058.0,23451.0,15420.0
2020-08-02,53186.0,27592.0,2413.0,,,,,,,,,23181.0,1075.0,246.0,34.0,,,,,,,,,1240273.0,14215.0,15728.0
2020-08-03,54009.0,27750.0,2432.0,,,,,,,,,23827.0,823.0,158.0,19.0,,,,,,,,,1248318.0,8045.0,15870.0
2020-08-04,55241.0,28006.0,2480.0,,,,,,,,,24755.0,1232.0,256.0,48.0,,,,,,,,,1268899.0,20581.0,16108.0
2020-08-05,56550.0,28584.0,2521.0,,,,,,,,,25445.0,1309.0,578.0,41.0,,,,,,,,,1295222.0,26323.0,16387.0
2020-08-06,57895.0,28992.0,2566.0,,,,,,,,,26337.0,1345.0,408.0,45.0,,,,,,,,,1319369.0,24147.0,16620.0
2020-08-07,59273.0,29289.0,2616.0,,,,,,,,,27368.0,1378.0,297.0,50.0,,,,,,,,,1343315.0,23946.0,16879.0
2020-08-08,60623.0,29872.0,2659.0,,,,,,,,,28092.0,1350.0,583.0,43.0,,,,,,,,,1364759.0,21444.0,16945.0
2020-08-09,61768.0,30119.0,2700.0,,,,,,,,,28949.0,1145.0,247.0,41.0,,,,,,,,,1378727.0,13968.0,16970.0
2020-08-10,62547.0,30311.0,2729.0,,,,,,,,,29507.0,779.0,192.0,29.0,,,,,,,,,1385334.0,6607.0,16645.0
2020-08-11,63762.0,30585.0,2764.0,,,,,,,,,30413.0,1215.0,274.0,35.0,,,,,,,,,1404845.0,19511.0,16709.0
2020-08-12,65177.0,31048.0,2807.0,,,,,,,,,31322.0,1415.0,463.0,43.0,,,,,,,,,1427626.0,22781.0,16942.0
2020-08-13,66631.0,31547.0,2860.0,,,,,,,,,32224.0,1454.0,499.0,53.0,,,,,,,,,1450269.0,22643.0,17040.0
2020-08-14,68046.0,31920.0,2904.0,,,,,,,,,33222.0,1415.0,373.0,44.0,,,,,,,,,1478056.0,27787.0,17160.0
2020-08-15,69374.0,32334.0,2954.0,,,,,,,,,34086.0,1328.0,414.0,50.0,,,,,,,,,1502042.0,23986.0,17263.0
2020-08-16,70461.0,32587.0,2991.0,,,,,,,,,34883.0,1087.0,253.0,37.0,,,,,,,,,1513888.0,11846.0,17275.0
2020-08-17,71194.0,32759.0,3029.0,,,,,,,,,35406.0,733.0,172.0,38.0,,,,,,,,,1520750.0,6862.0,17185.0
2020-08-18,72208.0,33135.0,3074.0,,,,,,,,,35999.0,1014.0,376.0,45.0,,,,,,,,,1542094.0,21344.0,16967.0
2020-08-19,73617.0,33566.0,3106.0,,,,,,,,,36945.0,1409.0,431.0,32.0,,,,,,,,,1566632.0,24538.0,17067.0
2020-08-20,74963.0,34196.0,3154.0,,,,,,,,,37613.0,1346.0,630.0,48.0,,,,,,,,,1591015.0,24383.0,17068.0
2020-08-21,76355.0,34523.0,3196.0,,,,,,,,,38636.0,1392.0,327.0,42.0,,,,,,,,,1616378.0,25363.0,17082.0
2020-08-22,77544.0,35079.0,3233.0,,,,,,,,,39232.0,1189.0,556.0,37.0,,,,,,,,,1639370.0,22992.0,16921.0
2020-08-23,78505.0,35287.0,3272.0,,,,,,,,,39946.0,961.0,208.0,39.0,,,,,,,,,1652644.0,13274.0,16737.0
2020-08-24,79330.0,35517.0,3309.0,,,,,,,,,40504.0,825.0,230.0,37.0,,,,,,,,,1659135.0,6491.0,16783.0
2020-08-25,80390.0,35816.0,3367.0,,,,,,,,,41207.0,1060.0,299.0,58.0,,,,,,,,,1679614.0,20479.0,16628.0
2020-08-26,81646.0,36286.0,3421.0,,,,,,,,,41939.0,1256.0,470.0,54.0,,,,,,,,,1705368.0,25754.0,16469.0
2020-08-27,83150.0,36677.0,3459.0,,,,,,,,,43014.0,1504.0,391.0,38.0,,,,,,,,,1730420.0,25052.0,16519.0
2020-08-28,84468.0,37056.0,3507.0,,,,,,,,,43905.0,1318.0,379.0,48.0,,,,,,,,,1756920.0,26500.0,16422.0
2020-08-29,85833.0,37388.0,3539.0,,,,,,,,,44906.0,1365.0,332.0,32.0,,,,,,,,,1780963.0,24043.0,16459.0
2020-08-30,86785.0,37665.0,3578.0,,,,,,,,,45542.0,952.0,277.0,39.0,,,,,,,,,1795633.0,14670.0,16324.0
2020-08-31,87540.0,37869.0,3621.0,,,,,,,,,46050.0,755.0,204.0,43.0,,,,,,,,,1802946.0,7313.0,16346.0
2020-09-01,88593.0,38454.0,3681.0,,,,,,,,,46458.0,1053.0,585.0,60.0,,,,,,,,,1825272.0,22326.0,16385.0
2020-09-02,89891.0,38701.0,3721.0,,,,,,,,,47469.0,1298.0,247.0,40.0,,,,,,,,,1852088.0,26816.0,16274.0
2020-09-03,91256.0,39275.0,3765.0,,,,,,,,,48216.0,1365.0,574.0,44.0,,,,,,,,,1876063.0,23975.0,16293.0
2020-09-04,92595.0,39626.0,3812.0,,,,,,,,,49157.0,1339.0,351.0,47.0,,,,,,,,,1901240.0,25177.0,16240.0
2020-09-05,93864.0,40028.0,3850.0,,,,,,,,,49986.0,1269.0,402.0,38.0,,,,,,,,,1923620.0,22380.0,16320.0
2020-09-06,95014.0,40307.0,3893.0,,,,,,,,,50814.0,1150.0,279.0,43.0,,,,,,,,,1938491.0,14871.0,16509.0
2020-09-07,95897.0,40454.0,3926.0,,,,,,,,,51517.0,883.0,147.0,33.0,,,,,,,,,1945738.0,7247.0,16567.0
2020-09-08,97033.0,40838.0,3967.0,,,,,,,,,52228.0,1136.0,384.0,41.0,,,,,,,,,1966290.0,20552.0,16643.0
2020-09-09,98304.0,41002.0,4018.0,,,,,,,,,53284.0,1271.0,164.0,51.0,,,,,,,,,1990587.0,24297.0,16658.0
2020-09-10,99684.0,41010.0,4065.0,,,,,,,,,54609.0,1380.0,8.0,47.0,,,,,,,,,2015772.0,25185.0,16534.0
2020-09-11,101075.0,41010.0,4100.0,,,,,,,,,55965.0,1391.0,0.0,35.0,,,,,,,,,2041921.0,26149.0,16607.0
2020-09-12,102386.0,42811.0,4127.0,,,,,,,,,55448.0,1311.0,1801.0,27.0,,,,,,,,,2066860.0,24939.0,16553.0
2020-09-13,103495.0,43025.0,4163.0,,,,,,,,,56307.0,1109.0,214.0,36.0,,,,,,,,,2081644.0,14784.0,16710.0
2020-09-14,104187.0,43244.0,4185.0,,,,,,,,,56758.0,692.0,219.0,22.0,,,,,,,,,2088975.0,7331.0,16647.0
2020-09-15,105298.0,43244.0,4236.0,,,,,,,,,57818.0,1111.0,0.0,51.0,,,,,,,,,2110024.0,21049.0,16705.0
2020-09-16,107011.0,43244.0,4285.0,,,,,,,,,59482.0,1713.0,0.0,49.0,,,,,,,,,2136544.0,26520.0,17120.0
2020-09-17,108690.0,43244.0,4312.0,,,,,,,,,61134.0,1679.0,0.0,27.0,,,,,,,,,2160669.0,24125.0,17434.0
2020-09-18,110217.0,88235.0,4360.0,,,,,,,,,17622.0,1527.0,44991.0,48.0,,,,,,,,,2185923.0,25254.0,17622.0
2020-09-19,111550.0,89119.0,4402.0,,,,,,,,,18029.0,1333.0,884.0,42.0,,,,,,,,,2210071.0,24148.0,17686.0
2020-09-20,112781.0,89771.0,4435.0,,,,,,,,,18575.0,1231.0,652.0,33.0,,,,,,,,,2223462.0,13391.0,17767.0
2020-09-21,113589.0,90649.0,4458.0,,,,,,,,,18482.0,808.0,878.0,23.0,,,,,,,,,2231402.0,7940.0,17692.0
2020-09-22,114648.0,92169.0,4503.0,,,,,,,,,17976.0,1059.0,1520.0,45.0,,,,,,,,,2253380.0,21978.0,17615.0
2020-09-23,116415.0,93558.0,4550.0,,,,,,,,,18307.0,1767.0,1389.0,47.0,,,,,,,,,2278125.0,24745.0,18111.0
2020-09-24,118054.0,94877.0,4591.0,,,,,,,,,18586.0,1639.0,1319.0,41.0,,,,,,,,,2302828.0,24703.0,18370.0
2020-09-25,119683.0,96158.0,4633.0,,,,,,,,,18892.0,1629.0,1281.0,42.0,,,,,,,,,2328322.0,25494.0,18608.0
2020-09-26,121235.0,97554.0,4687.0,,,,,,,,,18994.0,1552.0,1396.0,54.0,,,,,,,,,2352650.0,24328.0,18849.0
2020-09-27,122673.0,98607.0,4718.0,,,,,,,,,19348.0,1438.0,1053.0,31.0,,,,,,,,,2366178.0,13528.0,19178.0
2020-09-28,123944.0,99344.0,4748.0,,,,,,,,,19852.0,1271.0,737.0,30.0,,,,,,,,,2372340.0,6162.0,19757.0
2020-09-29,125414.0,100636.0,4792.0,,,,,,,,,19986.0,1470.0,1292.0,44.0,,,,,,,,,2393670.0,21330.0,20116.0
2020-09-30,127572.0,102476.0,4825.0,,,,,,,,,20271.0,2158.0,1840.0,33.0,,,,,,,,,2419691.0,26021.0,20561.0
2020-10-01,129658.0,103994.0,4862.0,,,,,,,,,20802.0,2086.0,1518.0,37.0,,,,,,,,,2445488.0,25797.0,20968.0
2020-10-02,132001.0,105582.0,4915.0,,,,,,,,,21504.0,2343.0,1588.0,53.0,,,,,,,,,2471499.0,26011.0,21784.0
2020-10-03,134065.0,107058.0,4947.0,,,,,,,,,22060.0,2064.0,1476.0,32.0,,,,,,,,,2496439.0,24940.0,22515.0
2020-10-04,135900.0,108135.0,5003.0,,,,,,,,,22762.0,1835.0,1077.0,56.0,,,,,,,,,2510209.0,13770.0,23119.0
2020-10-05,137491.0,108526.0,5048.0,,,,,,,,,23917.0,1591.0,391.0,45.0,,,,,,,,,2516746.0,6537.0,23902.0
2020-10-06,139612.0,109989.0,5121.0,,,,,,,,,24502.0,2121.0,1463.0,73.0,,,,,,,,,2540222.0,23476.0,24964.0
2020-10-07,142570.0,111564.0,5203.0,,,,,,,,,25803.0,2958.0,1575.0,82.0,,,,,,,,,2568071.0,27849.0,26155.0
2020-10-08,145700.0,113112.0,5247.0,,,,,,,,,27341.0,3130.0,1548.0,44.0,,,,,,,,,2598262.0,30191.0,27646.0
2020-10-09,148886.0,114792.0,5299.0,,,,,,,,,28795.0,3186.0,1680.0,52.0,,,,,,,,,2627544.0,29282.0,29203.0
2020-10-10,152403.0,116628.0,5358.0,,,,,,,,,30417.0,3517.0,1836.0,59.0,,,,,,,,,2656828.0,29284.0,31168.0
2020-10-11,155283.0,117942.0,5411.0,,,,,,,,,31930.0,2880.0,1314.0,53.0,,,,,,,,,2672537.0,15709.0,32610.0
2020-10-12,157352.0,118912.0,5467.0,,,,,,,,,32973.0,2069.0,970.0,56.0,,,,,,,,,2682588.0,10051.0,33408.0
2020-10-13,160461.0,120515.0,5535.0,,,,,,,,,34411.0,3109.0,1603.0,68.0,,,,,,,,,2709306.0,26718.0,35047.0
2020-10-14,164477.0,122714.0,5601.0,,,,,,,,,36162.0,4016.0,2199.0,66.0,,,,,,,,,2740624.0,31318.0,36905.0
2020-10-15,168490.0,125009.0,5674.0,,,,,,,,,37807.0,4013.0,2295.0,73.0,,,,,,,,,2770481.0,29857.0,38832.0
2020-10-16,172516.0,127076.0,5749.0,,,,,,,,,39691.0,4026.0,2067.0,75.0,,,,,,,,,2800912.0,30431.0,40515.0
2020-10-17,176468.0,129556.0,5812.0,,,,,,,,,41100.0,3952.0,2480.0,63.0,,,,,,,,,2832679.0,31767.0,42403.0
2020-10-18,180388.0,130894.0,5872.0,,,,,,,,,43622.0,3920.0,1338.0,60.0,,,,,,,,,2852186.0,19507.0,44488.0
2020-10-19,182854.0,132082.0,5931.0,,,,,,,,,44841.0,2466.0,1188.0,59.0,,,,,,,,,2860226.0,8040.0,45363.0
2020-10-20,186254.0,134395.0,5996.0,,,,,,,,,45863.0,3400.0,2313.0,65.0,,,,,,,,,2890071.0,29845.0,46642.0
2020-10-21,191102.0,137835.0,6065.0,,,,,,,,,47202.0,4848.0,3440.0,69.0,,,,,,,,,2927096.0,37025.0,48532.0
2020-10-22,196004.0,141089.0,6163.0,,,,,,,,,48752.0,4902.0,3254.0,98.0,,,,,,,,,2961562.0,34466.0,50304.0
2020-10-23,201032.0,144429.0,6245.0,,,,,,,,,50358.0,5028.0,3340.0,82.0,,,,,,,,,3002800.0,41238.0,52146.0
2020-10-24,205793.0,147932.0,6318.0,,,,,,,,,51543.0,4761.0,3503.0,73.0,,,,,,,,,3036643.0,33843.0,53390.0
2020-10-25,209648.0,149741.0,6391.0,,,,,,,,,53516.0,3855.0,1809.0,73.0,,,,,,,,,3055989.0,19346.0,54365.0
2020-10-26,212492.0,151811.0,6470.0,,,,,,,,,54211.0,2844.0,2070.0,79.0,,,,,,,,,3064698.0,8709.0,55140.0
2020-10-27,217216.0,155630.0,6574.0,,,,,,,,,55012.0,4724.0,3819.0,104.0,,,,,,,,,3096526.0,31828.0,56755.0
2020-10-28,222559.0,159855.0,6681.0,,,,,,,,,56023.0,5343.0,4225.0,107.0,,,,,,,,,3133809.0,37283.0,58082.0
2020-10-29,229040.0,163852.0,6764.0,,,,,,,,,58424.0,6481.0,3997.0,83.0,,,,,,,,,3169978.0,36169.0,60550.0
2020-10-30,235586.0,167897.0,6867.0,,,,,,,,,60822.0,6546.0,4045.0,103.0,,,,,,,,,3206567.0,36589.0,63070.0
2020-10-31,241339.0,172513.0,6968.0,,,,,,,,,61858.0,5753.0,4616.0,101.0,,,,,,,,,3242748.0,36181.0,64871.0
2020-11-01,246663.0,175975.0,7067.0,,,,,,,,,63621.0,5324.0,3462.0,99.0,,,,,,,,,3264304.0,21556.0,66275.0
2020-11-02,250704.0,177361.0,7153.0,,,,,,,,,66190.0,4041.0,1386.0,86.0,,,,,,,,,3274870.0,10566.0,67850.0
2020-11-03,258437.0,181175.0,7273.0,,,,,,,,,69989.0,7733.0,3814.0,120.0,,,,,,,,,3305309.0,30439.0,72183.0
2020-11-04,267088.0,186260.0,7419.0,,,,,,,,,73409.0,8651.0,5085.0,146.0,,,,,,,,,3341867.0,36558.0,75986.0
2020-11-05,276802.0,191085.0,7540.0,,,,,,,,,78177.0,9714.0,4825.0,121.0,,,,,,,,,3379609.0,37742.0,80798.0
2020-11-06,287062.0,195971.0,7663.0,,,,,,,,,83428.0,10260.0,4886.0,123.0,,,,,,,,,3418245.0,38636.0,86030.0
2020-11-07,296999.0,201114.0,7793.0,,,,,,,,,88092.0,9937.0,5143.0,130.0,,,,,,,,,3455093.0,36848.0,91206.0
2020-11-08,303751.0,204679.0,7879.0,,,,,,,,,91193.0,6752.0,3565.0,86.0,,,,,,,,,3476645.0,21552.0,94103.0
2020-11-09,306991.0,206793.0,8009.0,,,,,,,,,92189.0,3240.0,2114.0,130.0,,,,,,,,,3488090.0,11445.0,94499.0
2020-11-10,314295.0,211408.0,8186.0,,,,,,,,,94701.0,7304.0,4615.0,177.0,,,,,,,,,3519095.0,31005.0,97079.0
2020-11-11,324094.0,218086.0,8389.0,,,,,,,,,97619.0,9799.0,6678.0,203.0,,,,,,,,,3557958.0,38863.0,101535.0
2020-11-12,334236.0,224916.0,8510.0,,,,,,,,,100810.0,10142.0,6830.0,121.0,,,,,,,,,3593720.0,35762.0,105196.0
2020-11-13,343725.0,231808.0,8684.0,,,,,,,,,103233.0,9489.0,6892.0,174.0,,,,,,,,,3630856.0,37136.0,108139.0
2020-11-14,353185.0,239051.0,8813.0,,,,,,,,,105321.0,9460.0,7243.0,129.0,,,,,,,,,3667896.0,37040.0,111846.0
2020-11-15,360281.0,243832.0,8926.0,,,,,,,,,107523.0,7096.0,4781.0,113.0,,,,,,,,,3691062.0,23166.0,113618.0
2020-11-16,365212.0,246633.0,9075.0,,,,,,,,,109504.0,4931.0,2801.0,149.0,,,,,,,,,3702328.0,11266.0,114508.0
2020-11-17,373474.0,253244.0,9261.0,,,,,,,,,110969.0,8262.0,6611.0,186.0,,,,,,,,,3733410.0,31082.0,115037.0
2020-11-18,383743.0,261387.0,9429.0,,,,,,,,,112927.0,10269.0,8143.0,168.0,,,,,,,,,3771316.0,37906.0,116655.0
2020-11-19,393851.0,269590.0,9596.0,,,,,,,,,114665.0,10108.0,8203.0,167.0,,,,,,,,,3808279.0,36963.0,117049.0
2020-11-20,403123.0,278676.0,9756.0,,,,,,,,,114691.0,9272.0,9086.0,160.0,,,,,,,,,3844732.0,36453.0,116061.0
2020-11-21,412808.0,287310.0,9916.0,,,,,,,,,115582.0,9685.0,8634.0,160.0,,,,,,,,,3877953.0,33221.0,115809.0
2020-11-22,418645.0,295148.0,10047.0,,,,,,,,,113450.0,5837.0,7838.0,131.0,,,,,,,,,3898743.0,20790.0,114894.0
2020-11-23,422852.0,296844.0,10177.0,,,,,,,,,115831.0,4207.0,1696.0,130.0,,,,,,,,,3908681.0,9938.0,115861.0
2020-11-24,430605.0,304188.0,10373.0,,,,,,,,,116044.0,7753.0,7344.0,196.0,,,,,,,,,3939421.0,30740.0,116310.0
2020-11-25,440344.0,313885.0,10541.0,,,,,,,,,115918.0,9739.0,9697.0,168.0,,,,,,,,,3974996.0,35575.0,116250.0
2020-11-26,449349.0,323514.0,10712.0,,,,,,,,,115123.0,9005.0,9629.0,171.0,,,,,,,,,4011887.0,36891.0,115113.0
2020-11-27,457848.0,326657.0,10884.0,,,,,,,,,120307.0,8499.0,3143.0,172.0,,,,,,,,,4048536.0,36649.0,114123.0
2020-11-28,465982.0,335764.0,11045.0,,,,,,,,,119173.0,8134.0,9107.0,161.0,,,,,,,,,4081557.0,33021.0,112797.0
2020-11-29,471536.0,348852.0,11193.0,,,,,,,,,111491.0,5554.0,13088.0,148.0,,,,,,,,,4097782.0,16225.0,111255.0
2020-11-30,475362.0,353188.0,11331.0,,,,,,,,,110843.0,3826.0,4336.0,138.0,,,,,,,,,4107567.0,9785.0,110150.0
2020-12-01,479634.0,360934.0,11530.0,,,,,,,,,107170.0,4272.0,7746.0,199.0,,,,,,,,,4122192.0,14625.0,106160.0
2020-12-02,484550.0,371231.0,11665.0,,,,,,,,,101654.0,4916.0,10297.0,135.0,,,,,,,,,4137893.0,15701.0,100807.0
2020-12-03,492211.0,381001.0,11876.0,,,,,,,,,99334.0,7661.0,9770.0,211.0,,,,,,,,,4170013.0,32120.0,98360.0
2020-12-04,500273.0,390212.0,12052.0,,,,,,,,,98009.0,8062.0,9211.0,176.0,,,,,,,,,4205480.0,35467.0,97150.0
2020-12-05,508345.0,399207.0,12186.0,,,,,,,,,96952.0,8072.0,8995.0,134.0,,,,,,,,,4237925.0,32445.0,95537.0
2020-12-06,513576.0,405612.0,12320.0,,,,,,,,,95644.0,5231.0,6405.0,134.0,,,,,,,,,4255481.0,17556.0,94931.0
2020-12-07,517236.0,409121.0,12447.0,,,,,,,,,95668.0,3660.0,3509.0,127.0,,,,,,,,,4264272.0,8791.0,94384.0
2020-12-08,524675.0,416797.0,12660.0,,,,,,,,,95218.0,7439.0,7676.0,213.0,,,,,,,,,4293672.0,29400.0,94070.0
2020-12-09,532040.0,425816.0,12821.0,,,,,,,,,93403.0,7365.0,9019.0,161.0,,,,,,,,,4325130.0,31458.0,91696.0
2020-12-10,539107.0,434679.0,12948.0,,,,,,,,,91480.0,7067.0,8863.0,127.0,,,,,,,,,4356567.0,31437.0,89758.0
2020-12-11,545567.0,443168.0,13116.0,,,,,,,,,89283.0,6460.0,8489.0,168.0,,,,,,,,,4386813.0,30246.0,87719.0
2020-12-12,551900.0,451477.0,13264.0,,,,,,,,,87159.0,6333.0,8309.0,148.0,,,,,,,,,4413212.0,26399.0,85918.0
2020-12-13,556335.0,457360.0,13385.0,,,,,,,,,85590.0,4435.0,5883.0,121.0,,,,,,,,,4428071.0,14859.0,84799.0
2020-12-14,559587.0,460780.0,13494.0,,,,,,,,,85313.0,3252.0,3420.0,109.0,,,,,,,,,4436130.0,8059.0,84225.0
2020-12-15,565758.0,465050.0,13698.0,,,,,,,,,87010.0,6171.0,4270.0,204.0,,,,,,,,,4461315.0,25185.0,86124.0
2020-12-16,571749.0,469499.0,13862.0,,,,,,,,,88388.0,5991.0,4449.0,164.0,,,,,,,,,4505916.0,44601.0,87199.0
2020-12-17,577446.0,477139.0,13969.0,,,,,,,,,86338.0,5697.0,7640.0,107.0,,,,,,,,,4534197.0,28281.0,85235.0
2020-12-18,582786.0,484948.0,14157.0,,,,,,,,,83681.0,5340.0,7809.0,188.0,,,,,,,,,4561726.0,27529.0,82513.0
2020-12-19,587944.0,493379.0,14296.0,,,,,,,,,80269.0,5158.0,8431.0,139.0,,,,,,,,,4587552.0,25826.0,79599.0
2020-12-20,591294.0,498777.0,14394.0,,,,,,,,,78123.0,3350.0,5398.0,98.0,,,,,,,,,4599845.0,12293.0,77718.0
2020-12-21,593783.0,501896.0,14481.0,,,,,,,,,77406.0,2489.0,3119.0,87.0,,,,,,,,,4607030.0,7185.0,76547.0
2020-12-22,598792.0,508979.0,14636.0,,,,,,,,,75177.0,5009.0,7083.0,155.0,,,,,,,,,4630874.0,23844.0,74117.0
2020-12-23,604251.0,516423.0,14766.0,,,,,,,,,73062.0,5459.0,7444.0,130.0,,,,,,,,,4656714.0,25840.0,72211.0
2020-12-24,608561.0,523829.0,14912.0,,,,,,,,,69820.0,4310.0,7406.0,146.0,,,,,,,,,4689628.0,32914.0,69454.0
2020-12-25,612373.0,530308.0,15023.0,,,,,,,,,67042.0,3812.0,6479.0,111.0,,,,,,,,,4706490.0,16862.0,66806.0
2020-12-26,613760.0,536332.0,15108.0,,,,,,,,,62320.0,1387.0,6024.0,85.0,,,,,,,,,4710842.0,4352.0,61860.0
2020-12-27,615809.0,540437.0,15230.0,965.0,965.0,0.0,0.0,0.0,0.0,0.0,0.0,60142.0,2049.0,4105.0,122.0,,,,,,,,,4718625.0,7783.0,59474.0
2020-12-28,618429.0,543341.0,15334.0,2066.0,2066.0,0.0,0.0,0.0,0.0,0.0,0.0,59754.0,2620.0,2904.0,104.0,1101.0,1101.0,0.0,0.0,0.0,0.0,0.0,0.0,4726466.0,7841.0,58842.0
2020-12-29,623066.0,549262.0,15469.0,2778.0,2778.0,0.0,0.0,0.0,0.0,0.0,0.0,58335.0,4637.0,5921.0,135.0,712.0,712.0,0.0,0.0,0.0,0.0,0.0,0.0,4751057.0,24591.0,57308.0
2020-12-30,627941.0,554056.0,15596.0,5666.0,5666.0,0.0,0.0,0.0,0.0,0.0,0.0,58289.0,4875.0,4794.0,127.0,2888.0,2888.0,0.0,0.0,0.0,0.0,0.0,0.0,4775921.0,24864.0,56192.0
2020-12-31,632263.0,560793.0,15767.0,10289.0,10289.0,0.0,0.0,0.0,0.0,0.0,0.0,55703.0,4322.0,6737.0,171.0,4623.0,4623.0,0.0,0.0,0.0,0.0,0.0,0.0,4797449.0,21528.0,54817.0
2021-01-01,636201.0,566365.0,15841.0,11656.0,11656.0,0.0,0.0,0.0,0.0,0.0,0.0,53995.0,3938.0,5572.0,74.0,1367.0,1367.0,0.0,0.0,0.0,0.0,0.0,0.0,4813406.0,15957.0,53415.0
2021-01-02,637395.0,571333.0,15919.0,13242.0,13242.0,0.0,0.0,0.0,0.0,0.0,0.0,50143.0,1194.0,4968.0,78.0,1586.0,1586.0,0.0,0.0,0.0,0.0,0.0,0.0,4817844.0,4438.0,49451.0
2021-01-03,640429.0,574897.0,15979.0,13596.0,13596.0,0.0,0.0,0.0,0.0,0.0,0.0,49553.0,3034.0,3564.0,60.0,354.0,354.0,0.0,0.0,0.0,0.0,0.0,0.0,4827673.0,9829.0,49135.0
2021-01-04,643559.0,577198.0,16057.0,25508.0,25508.0,0.0,0.0,0.0,0.0,0.0,0.0,50304.0,3130.0,2301.0,78.0,11912.0,11912.0,0.0,0.0,0.0,0.0,0.0,0.0,4837361.0,9688.0,49776.0
2021-01-05,648288.0,581856.0,16178.0,41609.0,41609.0,0.0,0.0,0.0,0.0,0.0,0.0,50254.0,4729.0,4658.0,121.0,16101.0,16101.0,0.0,0.0,0.0,0.0,0.0,0.0,4868383.0,31022.0,49496.0
2021-01-06,654007.0,586764.0,16299.0,58554.0,58554.0,0.0,0.0,0.0,0.0,0.0,0.0,50944.0,5719.0,4908.0,121.0,16945.0,16945.0,0.0,0.0,0.0,0.0,0.0,0.0,4902726.0,34343.0,49756.0
2021-01-07,658958.0,591596.0,16410.0,76400.0,76400.0,0.0,0.0,0.0,0.0,0.0,0.0,50952.0,4951.0,4832.0,111.0,17846.0,17846.0,0.0,0.0,0.0,0.0,0.0,0.0,4934119.0,31393.0,50397.0
2021-01-08,663799.0,595007.0,16506.0,92706.0,92706.0,0.0,0.0,0.0,0.0,0.0,0.0,52286.0,4841.0,3411.0,96.0,16306.0,16306.0,0.0,0.0,0.0,0.0,0.0,0.0,4973508.0,39389.0,51426.0
2021-01-09,668202.0,596515.0,16592.0,102301.0,102301.0,0.0,0.0,0.0,0.0,0.0,0.0,55095.0,4403.0,1508.0,86.0,9595.0,9595.0,0.0,0.0,0.0,0.0,0.0,0.0,5001827.0,28319.0,54442.0
2021-01-10,671284.0,598610.0,16654.0,108294.0,108294.0,0.0,0.0,0.0,0.0,0.0,0.0,56020.0,3082.0,2095.0,62.0,5993.0,5993.0,0.0,0.0,0.0,0.0,0.0,0.0,5017624.0,15797.0,55475.0
2021-01-11,673271.0,600710.0,16725.0,125190.0,125190.0,0.0,0.0,0.0,0.0,0.0,0.0,55836.0,1987.0,2100.0,71.0,16896.0,16896.0,0.0,0.0,0.0,0.0,0.0,0.0,5024629.0,7005.0,54842.0
2021-01-12,676968.0,605045.0,16881.0,140447.0,140447.0,0.0,0.0,0.0,0.0,0.0,0.0,55042.0,3697.0,4335.0,156.0,15257.0,15257.0,0.0,0.0,0.0,0.0,0.0,0.0,5048928.0,24299.0,53902.0
2021-01-13,681392.0,610122.0,16969.0,154268.0,154268.0,0.0,0.0,0.0,0.0,0.0,0.0,54301.0,4424.0,5077.0,88.0,13821.0,13821.0,0.0,0.0,0.0,0.0,0.0,0.0,5077520.0,28592.0,53451.0
2021-01-14,684917.0,614545.0,17035.0,168089.0,168089.0,0.0,0.0,0.0,0.0,0.0,0.0,53337.0,3525.0,4423.0,66.0,13821.0,13821.0,0.0,0.0,0.0,0.0,0.0,0.0,5104229.0,26709.0,52654.0
2021-01-15,688270.0,618673.0,17098.0,184146.0,184146.0,0.0,0.0,0.0,0.0,0.0,0.0,52499.0,3353.0,4128.0,63.0,16057.0,16057.0,0.0,0.0,0.0,0.0,0.0,0.0,5129855.0,25626.0,52069.0
2021-01-16,691488.0,620058.0,17164.0,196567.0,196567.0,0.0,0.0,0.0,0.0,0.0,0.0,54266.0,3218.0,1385.0,66.0,12421.0,12421.0,0.0,0.0,0.0,0.0,0.0,0.0,5153025.0,23170.0,54093.0
2021-01-17,693644.0,622414.0,17221.0,204662.0,204662.0,875.0,875.0,0.0,0.0,0.0,0.0,54009.0,2156.0,2356.0,57.0,8095.0,8095.0,875.0,875.0,0.0,0.0,0.0,0.0,5164549.0,11524.0,53215.0
2021-01-18,695153.0,625449.0,17271.0,234899.0,234899.0,1950.0,1950.0,0.0,0.0,0.0,0.0,52433.0,1509.0,3035.0,50.0,30237.0,30237.0,1075.0,1075.0,0.0,0.0,0.0,0.0,5170357.0,5808.0,51594.0
2021-01-19,697898.0,630236.0,17369.0,269706.0,269706.0,2621.0,2621.0,0.0,0.0,0.0,0.0,50293.0,2745.0,4787.0,98.0,34807.0,34807.0,671.0,671.0,0.0,0.0,0.0,0.0,5193417.0,23060.0,49610.0
2021-01-20,700898.0,635871.0,17485.0,308044.0,308044.0,5813.0,5813.0,0.0,0.0,0.0,0.0,47542.0,3000.0,5635.0,116.0,38338.0,38338.0,3192.0,3192.0,0.0,0.0,0.0,0.0,5220200.0,26783.0,46891.0
2021-01-21,703776.0,641288.0,17554.0,347756.0,347756.0,9843.0,9843.0,0.0,0.0,0.0,0.0,44934.0,2878.0,5417.0,69.0,39712.0,39712.0,4030.0,4030.0,0.0,0.0,0.0,0.0,5244752.0,24552.0,44818.0
2021-01-22,706475.0,645923.0,17628.0,385596.0,385596.0,11254.0,11254.0,0.0,0.0,0.0,0.0,42924.0,2699.0,4635.0,74.0,37840.0,37840.0,1411.0,1411.0,0.0,0.0,0.0,0.0,5268464.0,23712.0,42676.0
2021-01-23,709194.0,650189.0,17722.0,418545.0,418545.0,12878.0,12878.0,0.0,0.0,0.0,0.0,41283.0,2719.0,4266.0,94.0,32949.0,32949.0,1624.0,1624.0,0.0,0.0,0.0,0.0,5289874.0,21410.0,40992.0
2021-01-24,711010.0,653125.0,17776.0,445945.0,445945.0,13155.0,13155.0,0.0,0.0,0.0,0.0,40109.0,1816.0,2936.0,54.0,27400.0,27400.0,277.0,277.0,0.0,0.0,0.0,0.0,5300790.0,10916.0,39726.0
2021-01-25,712561.0,654875.0,17841.0,484291.0,484291.0,25063.0,25063.0,0.0,0.0,0.0,0.0,39845.0,1551.0,1750.0,65.0,38346.0,38346.0,11908.0,11908.0,0.0,0.0,0.0,0.0,5306711.0,5921.0,39290.0
2021-01-26,715438.0,658595.0,17938.0,528038.0,528038.0,40666.0,40666.0,0.0,0.0,0.0,0.0,38905.0,2877.0,3720.0,97.0,43747.0,43747.0,15603.0,15603.0,0.0,0.0,0.0,0.0,5328908.0,22197.0,38470.0
2021-01-27,718612.0,662400.0,18015.0,570364.0,570364.0,57274.0,57274.0,0.0,0.0,0.0,0.0,38197.0,3174.0,3805.0,77.0,42326.0,42326.0,16608.0,16608.0,0.0,0.0,0.0,0.0,5354600.0,25692.0,37220.0
2021-01-28,721513.0,666001.0,18105.0,609056.0,609056.0,75049.0,75049.0,0.0,0.0,0.0,0.0,37407.0,2901.0,3601.0,90.0,38692.0,38692.0,17775.0,17775.0,0.0,0.0,0.0,0.0,5379447.0,24847.0,36596.0
2021-01-29,724250.0,669175.0,18196.0,646660.0,646660.0,92075.0,92075.0,0.0,0.0,0.0,0.0,36879.0,2737.0,3174.0,91.0,37604.0,37604.0,17026.0,17026.0,0.0,0.0,0.0,0.0,5405393.0,25946.0,35980.0
2021-01-30,726918.0,672532.0,18264.0,672056.0,672056.0,101304.0,101304.0,0.0,0.0,0.0,0.0,36122.0,2668.0,3357.0,68.0,25396.0,25396.0,9229.0,9229.0,0.0,0.0,0.0,0.0,5432062.0,26669.0,35430.0
2021-01-31,728743.0,674594.0,18335.0,691075.0,691075.0,106196.0,106196.0,0.0,0.0,0.0,0.0,35814.0,1825.0,2062.0,71.0,19019.0,19019.0,4892.0,4892.0,0.0,0.0,0.0,0.0,5443737.0,11675.0,35099.0
2021-02-01,730056.0,675767.0,18402.0,720844.0,720844.0,123048.0,123048.0,0.0,0.0,0.0,0.0,35887.0,1313.0,1173.0,67.0,29769.0,29769.0,16852.0,16852.0,0.0,0.0,0.0,0.0,5449538.0,5801.0,34903.0
2021-02-02,732732.0,678473.0,18513.0,748392.0,748392.0,138348.0,138348.0,0.0,0.0,0.0,0.0,35746.0,2676.0,2706.0,111.0,27548.0,27548.0,15300.0,15300.0,0.0,0.0,0.0,0.0,5472825.0,23287.0,34834.0
2021-02-03,735484.0,681271.0,18600.0,771862.0,771862.0,152025.0,152025.0,0.0,0.0,0.0,0.0,35613.0,2752.0,2798.0,87.0,23470.0,23470.0,13677.0,13677.0,0.0,0.0,0.0,0.0,5498375.0,25550.0,34586.0
2021-02-04,738152.0,684095.0,18675.0,794455.0,788012.0,165515.0,165515.0,6443.0,0.0,0.0,0.0,35382.0,2668.0,2824.0,75.0,22593.0,16150.0,13490.0,13490.0,6443.0,0.0,0.0,0.0,5523609.0,25234.0,34376.0
2021-02-05,740732.0,686692.0,18748.0,821212.0,806268.0,182665.0,182665.0,14944.0,0.0,0.0,0.0,35292.0,2580.0,2597.0,73.0,26757.0,18256.0,17150.0,17150.0,8501.0,0.0,0.0,0.0,5548136.0,24527.0,34257.0
2021-02-06,743343.0,689474.0,18809.0,840472.0,817385.0,193121.0,193121.0,23087.0,0.0,0.0,0.0,35060.0,2611.0,2782.0,61.0,19260.0,11117.0,10456.0,10456.0,8143.0,0.0,0.0,0.0,5569782.0,21646.0,34149.0
2021-02-07,745318.0,691377.0,18881.0,855982.0,824956.0,200144.0,200144.0,31026.0,0.0,0.0,0.0,35060.0,1975.0,1903.0,72.0,15510.0,7571.0,7023.0,7023.0,7939.0,0.0,0.0,0.0,5581731.0,11949.0,34308.0
2021-02-08,746637.0,692681.0,18961.0,891008.0,855554.0,230285.0,230285.0,35454.0,0.0,0.0,0.0,34995.0,1319.0,1304.0,80.0,35026.0,30598.0,30141.0,30141.0,4428.0,0.0,0.0,0.0,5587941.0,6210.0,34076.0
2021-02-09,749434.0,695398.0,19056.0,929815.0,889416.0,263212.0,263212.0,40399.0,0.0,0.0,0.0,34980.0,2797.0,2717.0,95.0,38807.0,33862.0,32927.0,32927.0,4945.0,0.0,0.0,0.0,5610170.0,22229.0,33996.0
2021-02-10,752482.0,698534.0,19135.0,970627.0,926179.0,299518.0,299518.0,44448.0,0.0,0.0,0.0,34813.0,3048.0,3136.0,79.0,40812.0,36763.0,36306.0,36306.0,4049.0,0.0,0.0,0.0,5636574.0,26404.0,33870.0
2021-02-11,755126.0,701283.0,19200.0,1009081.0,961312.0,334187.0,334187.0,47769.0,0.0,0.0,0.0,34643.0,2644.0,2749.0,65.0,38454.0,35133.0,34669.0,34669.0,3321.0,0.0,0.0,0.0,5661319.0,24745.0,33613.0
2021-02-12,757676.0,703966.0,19277.0,1048456.0,997068.0,369464.0,369463.0,51388.0,1.0,0.0,0.0,34433.0,2550.0,2683.0,77.0,39375.0,35756.0,35277.0,35276.0,3619.0,1.0,0.0,0.0,5685927.0,24608.0,33426.0
2021-02-13,760091.0,706394.0,19325.0,1083755.0,1028900.0,400749.0,400748.0,54855.0,1.0,0.0,0.0,34372.0,2415.0,2428.0,48.0,35299.0,31832.0,31285.0,31285.0,3467.0,0.0,0.0,0.0,5707776.0,21849.0,33173.0
2021-02-14,761963.0,708151.0,19366.0,1113634.0,1055753.0,427340.0,427339.0,57881.0,1.0,0.0,0.0,34446.0,1872.0,1757.0,41.0,29879.0,26853.0,26591.0,26591.0,3026.0,0.0,0.0,0.0,5719598.0,11822.0,33220.0
2021-02-15,763294.0,709520.0,19445.0,1150771.0,1083043.0,454168.0,454167.0,60916.0,1.0,6812.0,0.0,34329.0,1331.0,1369.0,79.0,37137.0,27290.0,26828.0,26828.0,3035.0,0.0,6812.0,0.0,5725543.0,5945.0,33238.0
2021-02-16,765970.0,711977.0,19526.0,1188673.0,1111098.0,481340.0,481339.0,63951.0,1.0,13624.0,0.0,34467.0,2676.0,2457.0,81.0,37902.0,28055.0,27172.0,27172.0,3035.0,0.0,6812.0,0.0,5749521.0,23978.0,33238.0
2021-02-17,768785.0,714709.0,19588.0,1231992.0,1139713.0,505479.0,505478.0,69323.0,1.0,22956.0,0.0,34488.0,2815.0,2732.0,62.0,43319.0,28615.0,24139.0,24139.0,5372.0,0.0,9332.0,0.0,5777072.0,27551.0,33301.0
2021-02-18,771843.0,717179.0,19659.0,1271812.0,1168247.0,526475.0,526474.0,71707.0,1.0,31858.0,0.0,35005.0,3058.0,2470.0,71.0,39820.0,28534.0,20996.0,20996.0,2384.0,0.0,8902.0,0.0,5804671.0,27599.0,33691.0
2021-02-19,774555.0,719693.0,19738.0,1309940.0,1196266.0,547115.0,547114.0,72378.0,1.0,41296.0,0.0,35124.0,2712.0,2514.0,79.0,38128.0,28019.0,20640.0,20640.0,671.0,0.0,9438.0,0.0,5831513.0,26842.0,33823.0
2021-02-20,777276.0,722484.0,19795.0,1342864.0,1219748.0,562771.0,562770.0,72676.0,1.0,50440.0,0.0,34997.0,2721.0,2791.0,57.0,32924.0,23482.0,15656.0,15656.0,298.0,0.0,9144.0,0.0,5861921.0,30408.0,33933.0
2021-02-21,779695.0,724333.0,19847.0,1370808.0,1239270.0,576125.0,576124.0,72791.0,1.0,58747.0,0.0,35515.0,2419.0,1849.0,52.0,27944.0,19522.0,13354.0,13354.0,115.0,0.0,8307.0,0.0,5874883.0,12962.0,34377.0
2021-02-22,781329.0,725526.0,19894.0,1400673.0,1259204.0,589640.0,589639.0,72935.0,1.0,68534.0,0.0,35909.0,1634.0,1193.0,47.0,29865.0,19934.0,13515.0,13515.0,144.0,0.0,9787.0,0.0,5881162.0,6279.0,34692.0
2021-02-23,784711.0,728252.0,20013.0,1430017.0,1278866.0,601572.0,601571.0,73010.0,1.0,78141.0,0.0,36446.0,3382.0,2726.0,119.0,29344.0,19662.0,11932.0,11932.0,75.0,0.0,9607.0,0.0,5904761.0,23599.0,35277.0
2021-02-24,788048.0,731049.0,20086.0,1458234.0,1297346.0,611552.0,611551.0,73017.0,1.0,87871.0,0.0,36913.0,3337.0,2797.0,73.0,28217.0,18480.0,9980.0,9980.0,7.0,0.0,9730.0,0.0,5931208.0,26447.0,35566.0
2021-02-25,791971.0,733616.0,20167.0,1478492.0,1307417.0,614546.0,614545.0,73020.0,1.0,98055.0,0.0,38188.0,3923.0,2567.0,81.0,20258.0,10071.0,2994.0,2994.0,3.0,0.0,10184.0,0.0,5959349.0,28141.0,36845.0
2021-02-26,795732.0,736020.0,20233.0,1497617.0,1315258.0,615964.0,615963.0,73020.0,1.0,109339.0,0.0,39479.0,3761.0,2404.0,66.0,19125.0,7841.0,1418.0,1418.0,0.0,0.0,11284.0,0.0,5986365.0,27016.0,38056.0
2021-02-27,799164.0,738569.0,20287.0,1513321.0,1320991.0,616594.0,616593.0,73020.0,1.0,119310.0,0.0,40308.0,3432.0,2549.0,54.0,15704.0,5733.0,630.0,630.0,0.0,0.0,9971.0,0.0,6009706.0,23341.0,39073.0
2021-02-28,801994.0,740352.0,20350.0,1524457.0,1324066.0,617111.0,617110.0,73020.0,1.0,127371.0,0.0,41292.0,2830.0,1783.0,63.0,11136.0,3075.0,517.0,517.0,0.0,0.0,8061.0,0.0,6022647.0,12941.0,40031.0
2021-03-01,804090.0,741471.0,20403.0,1556606.0,1347000.0,618240.0,618239.0,73020.0,1.0,136586.0,0.0,42216.0,2096.0,1119.0,53.0,32149.0,22934.0,1129.0,1129.0,0.0,0.0,9215.0,0.0,6029263.0,6616.0,40796.0
2021-03-02,808040.0,744040.0,20509.0,1594764.0,1375693.0,619182.0,619181.0,73020.0,1.0,146051.0,0.0,43491.0,3950.0,2569.0,106.0,38158.0,28693.0,942.0,942.0,0.0,0.0,9465.0,0.0,6052659.0,23396.0,42070.0
2021-03-03,812318.0,746779.0,20586.0,1633449.0,1405699.0,619808.0,619807.0,73020.0,1.0,154730.0,0.0,44953.0,4278.0,2739.0,77.0,38685.0,30006.0,626.0,626.0,0.0,0.0,8679.0,0.0,6079276.0,26617.0,43533.0
2021-03-04,816589.0,749673.0,20684.0,1677187.0,1434988.0,627159.0,620384.0,79862.0,6775.0,162337.0,0.0,46232.0,4271.0,2894.0,98.0,43738.0,29289.0,7351.0,577.0,6842.0,6774.0,7607.0,0.0,6105686.0,26410.0,44746.0
2021-03-05,820931.0,752234.0,20785.0,1724540.0,1466214.0,636053.0,621053.0,88224.0,15000.0,170102.0,0.0,47912.0,4342.0,2561.0,101.0,47353.0,31226.0,8894.0,669.0,8362.0,8225.0,7765.0,0.0,6133554.0,27868.0,46376.0
2021-03-06,824995.0,754335.0,20854.0,1773178.0,1499132.0,644707.0,621498.0,96530.0,23209.0,177516.0,0.0,49806.0,4064.0,2101.0,69.0,48638.0,32918.0,8654.0,445.0,8306.0,8209.0,7414.0,0.0,6158995.0,25441.0,47719.0
2021-03-07,828283.0,754335.0,20900.0,1818362.0,1530123.0,652567.0,621766.0,104227.0,30801.0,184012.0,0.0,53048.0,3288.0,0.0,46.0,45184.0,30991.0,7860.0,268.0,7697.0,7592.0,6496.0,0.0,6172074.0,13079.0,48588.0
2021-03-08,830563.0,761631.0,20963.0,1861820.0,1562623.0,657741.0,622380.0,108871.0,35361.0,190326.0,0.0,47969.0,2280.0,7296.0,63.0,43458.0,32500.0,5174.0,614.0,4644.0,4560.0,6314.0,0.0,6179281.0,7207.0,49234.0
2021-03-09,835552.0,767219.0,21056.0,1910020.0,1598547.0,663642.0,623432.0,113813.0,40210.0,197660.0,0.0,47277.0,4989.0,5588.0,93.0,48200.0,35924.0,5901.0,1052.0,4942.0,4849.0,7334.0,0.0,6203750.0,24469.0,50841.0
2021-03-10,840116.0,770854.0,21156.0,1961422.0,1638693.0,672685.0,628589.0,117819.0,44096.0,204910.0,0.0,48106.0,4564.0,3635.0,100.0,51402.0,40146.0,9043.0,5157.0,4006.0,3886.0,7250.0,0.0,6230400.0,26650.0,52068.0
2021-03-11,845352.0,774277.0,21252.0,2011333.0,1678903.0,682929.0,635521.0,121218.0,47408.0,211212.0,0.0,49823.0,5236.0,3423.0,96.0,49911.0,40210.0,10244.0,6932.0,3399.0,3312.0,6302.0,0.0,6258854.0,28454.0,53381.0
2021-03-12,850362.0,777715.0,21360.0,2060719.0,1718894.0,693548.0,642693.0,124766.0,50855.0,217059.0,0.0,51287.0,5010.0,3438.0,108.0,49386.0,39991.0,10619.0,7172.0,3548.0,3447.0,5847.0,0.0,6286442.0,27588.0,54630.0
2021-03-13,855326.0,781154.0,21439.0,2109441.0,1758375.0,704229.0,650138.0,128144.0,54091.0,222922.0,0.0,52733.0,4964.0,3439.0,79.0,48722.0,39481.0,10681.0,7445.0,3378.0,3236.0,5863.0,0.0,6312856.0,26414.0,56162.0
2021-03-14,859709.0,783642.0,21483.0,2152140.0,1792723.0,713206.0,656251.0,131137.0,56955.0,228280.0,0.0,54584.0,4383.0,2488.0,44.0,42699.0,34348.0,8977.0,6113.0,2993.0,2864.0,5358.0,0.0,6328098.0,15242.0,57715.0
2021-03-15,862681.0,787392.0,21565.0,2201716.0,1828437.0,722956.0,662809.0,137600.0,60147.0,235679.0,0.0,53724.0,2972.0,3750.0,82.0,49576.0,35714.0,9750.0,6558.0,6463.0,3192.0,7399.0,0.0,6335187.0,7089.0,58591.0
2021-03-16,868799.0,787392.0,21698.0,2261700.0,1869226.0,738641.0,670502.0,149732.0,68139.0,242742.0,0.0,59709.0,6118.0,0.0,133.0,59984.0,40789.0,15685.0,7693.0,12132.0,7992.0,7063.0,0.0,6361756.0,26569.0,60759.0
2021-03-17,874985.0,790813.0,21787.0,2315981.0,1907900.0,751939.0,678733.0,158781.0,73206.0,249300.0,0.0,62385.0,6186.0,3421.0,89.0,54281.0,38674.0,13298.0,8231.0,9049.0,5067.0,6558.0,0.0,6389800.0,28044.0,62667.0
2021-03-18,881159.0,794950.0,21877.0,2367906.0,1946513.0,760753.0,685593.0,165150.0,75160.0,256243.0,0.0,64332.0,6174.0,4137.0,90.0,51925.0,38613.0,8814.0,6860.0,6369.0,1954.0,6943.0,0.0,6417364.0,27564.0,64570.0
2021-03-19,886752.0,798985.0,22020.0,2417767.0,1984407.0,767921.0,692097.0,169966.0,75824.0,263394.0,0.0,65747.0,5593.0,4035.0,143.0,49861.0,37894.0,7168.0,6504.0,4816.0,664.0,7151.0,0.0,6445769.0,28405.0,65821.0
2021-03-20,892848.0,803226.0,22132.0,2468671.0,2022454.0,772647.0,696560.0,174732.0,76087.0,271485.0,0.0,67490.0,6096.0,4241.0,112.0,50904.0,38047.0,4726.0,4463.0,4766.0,263.0,8091.0,0.0,6471807.0,26038.0,67853.0
2021-03-21,897115.0,806200.0,22208.0,2513088.0,2054609.0,775407.0,699192.0,179154.0,76215.0,279325.0,0.0,68707.0,4267.0,2974.0,76.0,44417.0,32155.0,2760.0,2632.0,4422.0,128.0,7840.0,0.0,6486880.0,15073.0,68832.0
2021-03-22,900858.0,808754.0,22268.0,2560284.0,2090459.0,798729.0,722357.0,183177.0,76372.0,286648.0,0.0,69836.0,3743.0,2554.0,60.0,47196.0,35850.0,23322.0,23165.0,4023.0,157.0,7323.0,0.0,6494782.0,7902.0,70295.0
2021-03-23,907007.0,814182.0,22442.0,2618346.0,2135815.0,826089.0,749612.0,187546.0,76476.0,294985.0,1.0,70383.0,6149.0,5428.0,174.0,58062.0,45356.0,27360.0,27255.0,4369.0,104.0,8337.0,1.0,6520795.0,26013.0,71455.0
2021-03-24,913143.0,819799.0,22579.0,2677454.0,2182617.0,854400.0,777889.0,191868.0,76510.0,302969.0,1.0,70765.0,6136.0,5617.0,137.0,59108.0,46802.0,28311.0,28277.0,4322.0,34.0,7984.0,0.0,6549158.0,28363.0,73027.0
2021-03-25,919794.0,825208.0,22719.0,2736340.0,2229733.0,883117.0,806588.0,196122.0,76527.0,310485.0,2.0,71867.0,6651.0,5409.0,140.0,58886.0,47116.0,28717.0,28699.0,4254.0,17.0,7516.0,1.0,6579391.0,30233.0,74442.0
2021-03-26,926310.0,830270.0,22835.0,2791471.0,2273184.0,911862.0,835285.0,200231.0,76575.0,318056.0,2.0,73205.0,6516.0,5062.0,116.0,55131.0,43451.0,28745.0,28697.0,4109.0,48.0,7571.0,0.0,6609165.0,29774.0,75948.0
2021-03-27,932179.0,834162.0,22997.0,2850018.0,2318409.0,943557.0,866938.0,204969.0,76616.0,326640.0,3.0,75020.0,5869.0,3892.0,162.0,58547.0,45225.0,31695.0,31653.0,4738.0,41.0,8584.0,1.0,6634693.0,25528.0,76853.0
2021-03-28,936618.0,837060.0,23114.0,2904731.0,2360607.0,973670.0,897045.0,209212.0,76622.0,334912.0,3.0,76444.0,4439.0,2898.0,117.0,54713.0,42198.0,30113.0,30107.0,4243.0,6.0,8272.0,0.0,6650078.0,15385.0,76909.0
2021-03-29,940443.0,840127.0,23234.0,2957189.0,2401887.0,1002464.0,925829.0,213039.0,76632.0,342263.0,3.0,77082.0,3825.0,3067.0,120.0,52458.0,41280.0,28794.0,28784.0,3827.0,10.0,7351.0,0.0,6658431.0,8353.0,77762.0
2021-03-30,946647.0,845357.0,23409.0,3021607.0,2454264.0,1039638.0,962984.0,217516.0,76650.0,349827.0,4.0,77881.0,6204.0,5230.0,175.0,64418.0,52377.0,37174.0,37155.0,4477.0,18.0,7564.0,1.0,6685665.0,27234.0,77848.0
2021-03-31,952803.0,850672.0,23538.0,3079868.0,2501784.0,1072985.0,996309.0,221682.0,76671.0,356402.0,5.0,78593.0,6156.0,5315.0,129.0,58261.0,47520.0,33347.0,33325.0,4166.0,21.0,6575.0,1.0,6714704.0,29039.0,77818.0
2021-04-01,958918.0,856405.0,23674.0,3137483.0,2548790.0,1105375.0,1028616.0,226033.0,76754.0,362660.0,5.0,78839.0,6115.0,5733.0,136.0,57615.0,47006.0,32390.0,32307.0,4351.0,83.0,6258.0,0.0,6744605.0,29901.0,77759.0
2021-04-02,964726.0,862137.0,23819.0,3195452.0,2595945.0,1138301.0,1061453.0,230533.0,76843.0,368974.0,5.0,78770.0,5808.0,5732.0,145.0,57969.0,47155.0,32926.0,32837.0,4500.0,89.0,6314.0,0.0,6773863.0,29258.0,77974.0
2021-04-03,970224.0,867663.0,23973.0,3250877.0,2640729.0,1168837.0,1091902.0,235329.0,76930.0,374819.0,5.0,78588.0,5498.0,5526.0,154.0,55425.0,44784.0,30536.0,30449.0,4796.0,87.0,5845.0,0.0,6800572.0,26709.0,77376.0
2021-04-04,974375.0,871950.0,24070.0,3299212.0,2680468.0,1196714.0,1119676.0,239724.0,77033.0,379020.0,5.0,78355.0,4151.0,4287.0,97.0,48335.0,39739.0,27877.0,27774.0,4395.0,103.0,4201.0,0.0,6816552.0,15980.0,77260.0
2021-04-05,977986.0,875487.0,24190.0,3350582.0,2723919.0,1226982.0,1149829.0,243667.0,77147.0,382996.0,6.0,78309.0,3611.0,3537.0,120.0,51370.0,43451.0,30268.0,30153.0,3943.0,114.0,3976.0,1.0,6825004.0,8452.0,77128.0
2021-04-06,983217.0,880429.0,24386.0,3405531.0,2770716.0,1258049.0,1180800.0,248385.0,77242.0,386430.0,7.0,78402.0,5231.0,4942.0,196.0,54949.0,46797.0,31067.0,30971.0,4718.0,95.0,3434.0,1.0,6849813.0,24809.0,76210.0
2021-04-07,988624.0,885710.0,24561.0,3460870.0,2818530.0,1288487.0,1211125.0,253339.0,77347.0,389001.0,15.0,78353.0,5407.0,5281.0,175.0,55339.0,47814.0,30438.0,30325.0,4954.0,105.0,2571.0,8.0,6878550.0,28737.0,75481.0
2021-04-08,993613.0,890528.0,24733.0,3517693.0,2867621.0,1319863.0,1242360.0,258603.0,77477.0,391469.0,26.0,78352.0,4989.0,4818.0,172.0,56823.0,49091.0,31376.0,31235.0,5264.0,130.0,2468.0,11.0,6907828.0,29278.0,73819.0
2021-04-09,998555.0,896573.0,24867.0,3571982.0,2914374.0,1351608.0,1273966.0,263626.0,77598.0,393982.0,44.0,77115.0,4942.0,6045.0,134.0,54289.0,46753.0,31745.0,31606.0,5023.0,121.0,2513.0,18.0,6936614.0,28786.0,72245.0
2021-04-10,1002865.0,902239.0,25006.0,3633921.0,2965548.0,1383993.0,1306191.0,271279.0,77739.0,397094.0,63.0,75620.0,4310.0,5666.0,139.0,61939.0,51174.0,32385.0,32225.0,7653.0,141.0,3112.0,19.0,6962658.0,26044.0,70686.0
2021-04-11,1006167.0,906659.0,25135.0,3690909.0,3012825.0,1412787.0,1334855.0,278832.0,77850.0,399252.0,82.0,74373.0,3302.0,4420.0,129.0,56988.0,47277.0,28794.0,28664.0,7553.0,111.0,2158.0,19.0,6978229.0,15571.0,69549.0
2021-04-12,1008490.0,910298.0,25248.0,3753790.0,3059096.0,1435730.0,1347768.0,287423.0,81474.0,407271.0,6488.0,72944.0,2323.0,3639.0,113.0,62881.0,46271.0,22943.0,12913.0,8591.0,3624.0,8019.0,6406.0,6985435.0,7206.0,68047.0
2021-04-13,1012373.0,915464.0,25441.0,3830380.0,3117146.0,1466149.0,1365810.0,296167.0,85323.0,417067.0,15016.0,71468.0,3883.0,5166.0,193.0,76590.0,58050.0,30419.0,18042.0,8744.0,3849.0,9796.0,8528.0,7009325.0,23890.0,65726.0
2021-04-14,1016449.0,920653.0,25605.0,3910500.0,3178405.0,1496942.0,1384229.0,305182.0,89301.0,426913.0,23412.0,70191.0,4076.0,5189.0,164.0,80120.0,61259.0,30793.0,18419.0,9015.0,3978.0,9846.0,8396.0,7035734.0,26409.0,63646.0
2021-04-15,1020301.0,925395.0,25800.0,3990556.0,3240132.0,1527201.0,1402430.0,314259.0,93491.0,436165.0,31280.0,69106.0,3852.0,4742.0,195.0,80056.0,61727.0,30259.0,18201.0,9077.0,4190.0,9252.0,7868.0,7061866.0,26132.0,61383.0
2021-04-16,1023565.0,930942.0,25937.0,4070190.0,3300799.0,1554994.0,1417591.0,323062.0,97583.0,446329.0,39820.0,66686.0,3264.0,5547.0,137.0,79634.0,60667.0,27793.0,15161.0,8803.0,4092.0,10164.0,8540.0,7086549.0,24683.0,58839.0
2021-04-17,1027039.0,936515.0,26072.0,4151368.0,3362657.0,1581079.0,1431120.0,332539.0,102000.0,456172.0,47959.0,64452.0,3474.0,5573.0,135.0,81178.0,61858.0,26085.0,13529.0,9477.0,4417.0,9843.0,8139.0,7110458.0,23909.0,56815.0
2021-04-18,1029304.0,940792.0,26232.0,4223290.0,3417475.0,1604904.0,1443323.0,341162.0,106209.0,464653.0,55372.0,62280.0,2265.0,4277.0,160.0,71922.0,54818.0,23825.0,12203.0,8623.0,4209.0,8481.0,7413.0,7124135.0,13677.0,54929.0
2021-04-19,1031072.0,944774.0,26381.0,4298557.0,3474495.0,1631109.0,1456689.0,349011.0,110067.0,475051.0,64353.0,59917.0,1768.0,3982.0,149.0,75267.0,57020.0,26205.0,13366.0,7849.0,3858.0,10398.0,8981.0,7130619.0,6484.0,53086.0
2021-04-20,1034003.0,950242.0,26618.0,4387441.0,3543461.0,1658351.0,1471071.0,358891.0,114224.0,485089.0,73056.0,57143.0,2931.0,5468.0,237.0,88884.0,68966.0,27242.0,14382.0,9880.0,4157.0,10038.0,8703.0,7154381.0,23762.0,50786.0
2021-04-21,1037009.0,954868.0,26793.0,4479219.0,3614041.0,1686583.0,1486008.0,369970.0,118461.0,495208.0,82114.0,55348.0,3006.0,4626.0,175.0,91778.0,70580.0,28232.0,14937.0,11079.0,4237.0,10119.0,9058.0,7178943.0,24562.0,48385.0
2021-04-22,1039998.0,959126.0,26943.0,4566596.0,3680757.0,1714422.0,1500480.0,380592.0,122626.0,505247.0,91316.0,53929.0,2989.0,4258.0,150.0,87377.0,66716.0,27839.0,14472.0,10622.0,4165.0,10039.0,9202.0,7203810.0,24867.0,46385.0
2021-04-23,1042521.0,963840.0,27113.0,4656996.0,3749432.0,1743820.0,1515080.0,390799.0,126739.0,516765.0,102001.0,51568.0,2523.0,4714.0,170.0,90400.0,68675.0,29398.0,14600.0,10207.0,4113.0,11518.0,10685.0,7228196.0,24386.0,43966.0
2021-04-24,1044722.0,968746.0,27267.0,4746675.0,3817954.0,1771490.0,1529463.0,402275.0,131278.0,526446.0,110749.0,48709.0,2201.0,4906.0,154.0,89679.0,68522.0,27670.0,14383.0,11476.0,4539.0,9681.0,8748.0,7249871.0,21675.0,41857.0
2021-04-25,1046264.0,972476.0,27394.0,4823779.0,3877603.0,1794505.0,1541186.0,411876.0,135404.0,534300.0,117915.0,46394.0,1542.0,3730.0,127.0,77104.0,59649.0,23015.0,11723.0,9601.0,4126.0,7854.0,7166.0,7262520.0,12649.0,40097.0
2021-04-26,1047520.0,975703.0,27511.0,4904588.0,3939640.0,1820634.0,1554723.0,421055.0,139258.0,543893.0,126653.0,44306.0,1256.0,3227.0,117.0,80809.0,62037.0,26129.0,13537.0,9179.0,3854.0,9593.0,8738.0,7269119.0,6599.0,39030.0
2021-04-27,1049539.0,979445.0,27683.0,4989235.0,4004648.0,1850086.0,1570807.0,430671.0,143532.0,553916.0,135747.0,42411.0,2019.0,3742.0,172.0,84647.0,65008.0,29452.0,16084.0,9616.0,4274.0,10023.0,9094.0,7291143.0,22024.0,37166.0
2021-04-28,1051779.0,983040.0,27833.0,5073025.0,4070437.0,1880343.0,1588331.0,439342.0,147810.0,563246.0,144202.0,40906.0,2240.0,3595.0,150.0,83790.0,65789.0,30257.0,17524.0,8671.0,4278.0,9330.0,8455.0,7316396.0,25253.0,35330.0
2021-04-29,1053629.0,985827.0,27971.0,5153416.0,4134438.0,1909593.0,1605784.0,447398.0,151991.0,571580.0,151818.0,39831.0,1850.0,2787.0,138.0,80391.0,64001.0,29250.0,17453.0,8056.0,4181.0,8334.0,7616.0,7341747.0,25351.0,33328.0
2021-04-30,1055265.0,989393.0,28109.0,5232028.0,4197155.0,1937033.0,1621700.0,455671.0,156450.0,579202.0,158883.0,37763.0,1636.0,3566.0,138.0,78612.0,62717.0,27440.0,15916.0,8273.0,4459.0,7622.0,7065.0,7365132.0,23385.0,31700.0
2021-05-01,1056572.0,992605.0,28194.0,5292045.0,4245742.0,1963639.0,1638816.0,461395.0,160499.0,584908.0,164324.0,35773.0,1307.0,3212.0,85.0,60017.0,48587.0,26606.0,17116.0,5724.0,4049.0,5706.0,5441.0,7376243.0,11111.0,29533.0
2021-05-02,1057655.0,995506.0,28282.0,5333318.0,4279191.0,1986669.0,1654891.0,465528.0,163842.0,588599.0,167936.0,33867.0,1083.0,2901.0,88.0,41273.0,33449.0,23030.0,16075.0,4133.0,3343.0,3691.0,3612.0,7384129.0,7886.0,28351.0
2021-05-03,1058337.0,997749.0,28380.0,5399885.0,4334654.0,2029610.0,1688533.0,471274.0,168097.0,593957.0,172980.0,32208.0,682.0,2243.0,98.0,66567.0,55463.0,42941.0,33642.0,5746.0,4255.0,5358.0,5044.0,7386862.0,2733.0,27265.0
2021-05-04,1059331.0,1000451.0,28474.0,5485489.0,4404747.0,2082630.0,1728650.0,478246.0,172986.0,602451.0,180949.0,30406.0,994.0,2702.0,94.0,85604.0,70093.0,53020.0,40117.0,6972.0,4889.0,8494.0,7969.0,7395986.0,9124.0,25328.0
2021-05-05,1060895.0,1002985.0,28616.0,5579843.0,4483199.0,2138703.0,1771675.0,485462.0,177807.0,610915.0,188954.0,29294.0,1564.0,2534.0,142.0,94354.0,78452.0,56073.0,43025.0,7216.0,4821.0,8464.0,8005.0,7420545.0,24559.0,23886.0
2021-05-06,1062527.0,1005623.0,28710.0,5680297.0,4566436.0,2198691.0,1818135.0,494009.0,183182.0,618693.0,196215.0,28194.0,1632.0,2638.0,94.0,100454.0,83237.0,59988.0,46460.0,8547.0,5375.0,7778.0,7261.0,7446397.0,25852.0,22529.0
2021-05-07,1063949.0,1009237.0,28799.0,5772798.0,4642514.0,2254449.0,1861477.0,502226.0,187882.0,625404.0,202436.0,25913.0,1422.0,3614.0,89.0,92501.0,76078.0,55758.0,43342.0,8217.0,4700.0,6711.0,6221.0,7472840.0,26443.0,21428.0
2021-05-08,1065254.0,1011694.0,28903.0,5883431.0,4735067.0,2314812.0,1907407.0,512737.0,195322.0,632302.0,208758.0,24657.0,1305.0,2457.0,104.0,110633.0,92553.0,60363.0,45930.0,10511.0,7440.0,6898.0,6322.0,7497476.0,24636.0,20532.0
2021-05-09,1066111.0,1013666.0,28966.0,5987368.0,4823349.0,2369835.0,1949317.0,522443.0,202818.0,638049.0,214173.0,23479.0,857.0,1972.0,63.0,103937.0,88282.0,55023.0,41910.0,9706.0,7496.0,5747.0,5415.0,7512130.0,14654.0,19847.0
2021-05-10,1066731.0,1015092.0,29034.0,6086828.0,4905212.0,2428168.0,1993084.0,530055.0,207821.0,646291.0,221993.0,22605.0,620.0,1426.0,68.0,99460.0,81863.0,58333.0,43767.0,7612.0,5003.0,8242.0,7820.0,7518122.0,5992.0,19211.0
2021-05-11,1067887.0,1017047.0,29135.0,6192672.0,4992709.0,2498443.0,2047841.0,537276.0,212659.0,654036.0,229292.0,21705.0,1156.0,1955.0,101.0,105844.0,87497.0,70275.0,54757.0,7221.0,4838.0,7745.0,7299.0,7541145.0,23023.0,18348.0
2021-05-12,1068817.0,1018642.0,29233.0,6297426.0,5078867.0,2568497.0,2102019.0,544683.0,217702.0,661214.0,236114.0,20942.0,930.0,1595.0,98.0,104754.0,86158.0,70054.0,54178.0,7407.0,5043.0,7178.0,6822.0,7565452.0,24307.0,17038.0
2021-05-13,1069770.0,1020194.0,29308.0,6400659.0,5163215.0,2636935.0,2154215.0,551854.0,222457.0,668387.0,243060.0,20268.0,953.0,1552.0,75.0,103233.0,84348.0,68438.0,52196.0,7171.0,4755.0,7173.0,6946.0,7587984.0,22532.0,16141.0
2021-05-14,1070605.0,1022029.0,29413.0,6510973.0,5252621.0,2708201.0,2207346.0,559092.0,227202.0,676145.0,250538.0,19163.0,835.0,1835.0,105.0,110314.0,89406.0,71266.0,53131.0,7238.0,4745.0,7758.0,7478.0,7610689.0,22705.0,15340.0
2021-05-15,1071334.0,1023822.0,29485.0,6629994.0,5353370.0,2777707.0,2261259.0,566632.0,232260.0,684454.0,258650.0,18027.0,729.0,1793.0,72.0,119021.0,100749.0,69506.0,53913.0,7540.0,5058.0,8309.0,8112.0,7631745.0,21056.0,14762.0
2021-05-16,1071899.0,1025145.0,29523.0,6731656.0,5440284.0,2838407.0,2308560.0,572217.0,236651.0,692147.0,266188.0,17231.0,565.0,1323.0,38.0,101662.0,86914.0,60700.0,47301.0,5585.0,4391.0,7693.0,7538.0,7644702.0,12957.0,14244.0
2021-05-17,1072291.0,1026299.0,29571.0,6833318.0,5527198.0,2899107.0,2355861.0,577802.0,241042.0,699840.0,273726.0,16421.0,392.0,1154.0,48.0,101662.0,86914.0,60700.0,47301.0,5585.0,4391.0,7693.0,7538.0,7651027.0,6325.0,13954.0
